# This file uses centimeters as units for non-parametric coordinates.

mtllib security room-obj.mtl
g default
v -14.495375 20.750908 -1.401216
v -14.128736 20.750908 -1.401216
v -15.381150 27.385338 -23.744791
v 15.381150 27.385338 -23.744791
v 18.381149 27.385338 -26.744793
v -18.381149 27.385338 -26.744793
v -7.011183 2.842654 1.066063
v -7.011183 7.270699 1.066063
v -7.011183 20.750908 1.066063
v -7.011183 20.750908 -2.133316
v -7.011183 2.842654 -2.133316
v -15.381150 12.813204 -1.401216
v -15.381150 22.873880 -1.401216
v 15.381150 12.813204 -17.362045
v 15.381150 12.813204 -22.765392
v 15.027893 12.813204 -22.765392
v 15.027893 12.813204 -17.362045
v 15.381150 22.873880 -22.765392
v 15.027893 22.873880 -22.765392
v 15.027893 22.873880 -17.362045
v 15.381150 22.873880 -17.362045
v -15.381150 27.385338 1.066063
v 15.381150 27.385338 1.066063
v -14.495375 20.750908 1.066063
v -14.128736 20.750908 -2.133316
v 0.508555 22.873880 1.066063
v 0.508555 12.813204 1.066063
v 0.508555 12.813204 0.045939
v 0.508555 22.873880 0.045939
v 14.125138 12.813204 1.066063
v 14.125138 12.813204 0.045939
v 15.381150 12.813204 -1.163853
v 15.381150 12.813204 -6.567198
v 14.647553 12.813204 -6.567198
v 14.647553 12.813204 -1.163853
v 14.125138 22.873880 0.045939
v 15.381150 22.873880 -6.567198
v 14.647553 22.873880 -6.567198
v -15.381150 25.228340 1.066063
v 15.381150 25.228340 1.066063
v 18.381149 25.228340 4.066063
v -18.381149 25.228340 4.066063
v 14.647553 22.873880 -1.163853
v -18.381149 27.385338 4.066063
v 18.381149 27.385338 4.066063
v 14.125138 22.873880 1.066063
v 15.381150 25.228340 -23.744791
v 18.381149 25.228340 -26.744793
v 15.381150 22.873880 -1.163853
v 15.381150 1.101523 1.066063
v 15.381150 1.101523 -23.744791
v -13.018888 2.842654 1.066063
v -15.381150 1.101523 1.066063
v -14.495375 2.842654 1.066063
v -15.381150 25.228340 -23.744791
v -18.381149 25.228340 -26.744793
v -15.381150 22.873880 -21.020649
v -14.495375 2.842654 -2.133316
v -15.381150 1.101523 -23.744791
v -15.381150 12.813204 -21.020649
vt 0.105700 0.229665
vt 0.115673 0.229665
vt 0.081605 0.837450
vt 0.918395 0.837450
vt 1.000000 0.919055
vt 0.000000 0.919055
vt 0.309283 0.162550
vt 0.309283 0.162550
vt 0.309283 0.162550
vt 0.309283 0.249579
vt 0.309283 0.249579
vt 0.918395 0.663828
vt 0.918395 0.810808
vt 0.908786 0.810808
vt 0.908786 0.663828
vt 0.918395 0.810808
vt 0.908786 0.810808
vt 0.081605 0.162550
vt 0.918395 0.162550
vt 0.918395 0.663828
vt 0.908786 0.663828
vt 0.105700 0.162550
vt 0.115673 0.249579
vt 0.513834 0.162550
vt 0.513834 0.162550
vt 0.513834 0.190300
vt 0.513834 0.190300
vt 0.884229 0.162550
vt 0.884229 0.190300
vt 0.918395 0.223208
vt 0.918395 0.370189
vt 0.898440 0.370189
vt 0.898440 0.223208
vt 0.081605 0.162550
vt 0.918395 0.162550
vt 1.000000 0.080945
vt 0.000000 0.080945
vt 1.000000 0.080945
vt 0.000000 0.080945
vt 0.884229 0.162550
vt 0.884229 0.190300
vt 0.918395 0.837450
vt 1.000000 0.919055
vt 0.918395 0.223208
vt 0.898440 0.223208
vt 0.918395 0.370189
vt 0.898440 0.370189
vt 0.000000 0.096733
vt 1.000000 0.096733
vt 0.145863 0.162550
vt 1.000000 0.903267
vt 0.105700 0.162550
vt 0.081605 0.837450
vt 0.000000 0.919055
vt 0.000000 0.903267
vt 0.105700 0.249579
vt 0.959170 0.815612
vt 0.959170 0.488566
vt 0.516532 0.488566
vt 0.272085 0.308394
vt 0.272085 0.164450
vt 0.076791 0.164450
vt 0.000000 0.107851
vt 1.000000 0.107851
vt 1.000000 0.892149
vt 0.000000 0.107851
vt 0.076791 0.164450
vt 0.028794 0.164450
vt 0.028794 0.746600
vt 0.272085 0.746600
vt 0.272085 0.308394
vt 0.516532 0.488566
vt 0.516532 0.815612
vt 0.959170 0.815612
vt 1.000000 0.892149
vt 0.000000 0.892149
vt 0.000000 0.470663
vt 1.000000 0.470663
vt 1.000000 0.529337
vt 0.000000 0.529337
vt -0.000000 0.464996
vt 1.000000 0.464996
vt 1.000000 0.535004
vt -0.000000 0.535004
vt 0.307658 0.938767
vt 0.307658 0.533272
vt 0.000000 0.061233
vt 1.000000 0.061233
vt 0.960525 0.533272
vt 0.742744 0.533272
vt 0.742744 0.938767
vt 0.307658 0.891319
vt 0.742744 0.891319
vt 0.960525 0.891319
vt 0.960525 0.485824
vt 1.000000 0.013785
vt 1.000000 0.986215
vt 0.000000 0.986215
vt 0.341810 0.000000
vt 0.658190 0.485422
vt 0.434234 0.485422
vt 0.434234 0.902413
vt 0.658190 0.902413
vt 0.341810 1.000000
vt 1.000000 0.892149
vt 0.000000 0.892149
vt 0.000000 0.107851
vt 1.000000 0.107851
vt 1.000000 0.529337
vt 0.000000 0.529337
vt 0.000000 0.470663
vt 1.000000 0.470663
vt 0.000000 0.464996
vt 1.000000 0.464996
vt 1.000000 0.535004
vt 0.000000 0.535004
vt 0.900557 0.891319
vt 0.900557 0.485824
vt 0.109796 0.485824
vt 0.000000 0.013785
vt 1.000000 0.013785
vt 1.000000 0.986215
vt 0.000000 0.013785
vt 0.109796 0.485824
vt 0.109796 0.891319
vt 0.900557 0.891319
vt 1.000000 0.986215
vt 0.000000 0.986215
vt 0.000000 0.096733
vt 1.000000 0.096733
vt 1.000000 0.903267
vt 0.000000 0.903267
vn 0.000000 1.000000 0.000000
vn 0.000000 1.000000 0.000000
vn 0.000000 1.000000 0.000000
vn 0.000000 1.000000 0.000000
vn -1.000000 0.000000 0.000000
vn -1.000000 0.000000 0.000000
vn -1.000000 0.000000 0.000000
vn -1.000000 0.000000 0.000000
vn -1.000000 0.000000 0.000000
vn 0.000000 1.000000 0.000000
vn 0.000000 1.000000 0.000000
vn 0.000000 1.000000 0.000000
vn 0.000000 1.000000 0.000000
vn 0.000000 0.000000 1.000000
vn 0.000000 0.000000 1.000000
vn 0.000000 0.000000 1.000000
vn 0.000000 0.000000 1.000000
vn 0.000000 1.000000 0.000000
vn 0.000000 1.000000 0.000000
vn 0.000000 -1.000000 0.000000
vn 0.000000 -1.000000 0.000000
vn 0.000000 -1.000000 0.000000
vn 0.000000 -1.000000 0.000000
vn 0.000000 -1.000000 0.000000
vn 0.000000 -1.000000 0.000000
vn 0.000000 -1.000000 0.000000
vn 0.000000 -1.000000 0.000000
vn 0.000000 -1.000000 0.000000
vn 0.000000 -1.000000 0.000000
vn 1.000000 0.000000 0.000000
vn 1.000000 0.000000 0.000000
vn 1.000000 0.000000 0.000000
vn 1.000000 0.000000 0.000000
vn 0.000000 1.000000 0.000000
vn 0.000000 1.000000 0.000000
vn 0.000000 1.000000 0.000000
vn 0.000000 1.000000 0.000000
vn 0.000000 1.000000 0.000000
vn 0.000000 1.000000 0.000000
vn 0.000000 1.000000 0.000000
vn 0.000000 1.000000 0.000000
vn 0.000000 -1.000000 0.000000
vn 0.000000 -1.000000 0.000000
vn 0.000000 -1.000000 0.000000
vn 0.000000 -1.000000 0.000000
vn 0.000000 0.000000 1.000000
vn 0.000000 0.000000 1.000000
vn 0.000000 0.000000 1.000000
vn 0.000000 0.000000 1.000000
vn 0.000000 -1.000000 0.000000
vn 0.000000 -1.000000 0.000000
vn 0.000000 -1.000000 0.000000
vn 0.000000 -1.000000 0.000000
vn 0.000000 -1.000000 0.000000
vn 0.000000 -1.000000 0.000000
vn 0.000000 0.000000 -1.000000
vn 0.000000 0.000000 -1.000000
vn 0.000000 0.000000 -1.000000
vn 0.000000 0.000000 -1.000000
vn -1.000000 0.000000 0.000000
vn -1.000000 0.000000 0.000000
vn -1.000000 0.000000 0.000000
vn -1.000000 0.000000 0.000000
vn 0.000000 1.000000 0.000000
vn 1.000000 0.000000 0.000000
vn 1.000000 0.000000 0.000000
vn 1.000000 0.000000 0.000000
vn 1.000000 0.000000 0.000000
vn 0.000000 -1.000000 0.000000
vn 0.000000 -1.000000 0.000000
vn 0.000000 -1.000000 0.000000
vn 0.000000 -1.000000 0.000000
vn 1.000000 0.000000 0.000000
vn 1.000000 0.000000 0.000000
vn 1.000000 0.000000 0.000000
vn 1.000000 0.000000 0.000000
vn 1.000000 0.000000 0.000000
vn 1.000000 0.000000 0.000000
vn 1.000000 0.000000 0.000000
vn 1.000000 0.000000 0.000000
vn 1.000000 0.000000 0.000000
vn 1.000000 0.000000 0.000000
vn 0.000000 0.000000 1.000000
vn 0.000000 0.000000 1.000000
vn 0.000000 0.000000 1.000000
vn 0.000000 0.000000 1.000000
vn 0.000000 0.000000 1.000000
vn 0.000000 0.000000 1.000000
vn 0.000000 0.000000 1.000000
vn 0.000000 0.000000 1.000000
vn 0.000000 0.000000 1.000000
vn 1.000000 0.000000 0.000000
vn 1.000000 0.000000 0.000000
vn 0.000000 0.000000 1.000000
vn 0.000000 0.000000 1.000000
vn 0.000000 0.000000 1.000000
vn 0.000000 0.000000 1.000000
vn 0.000000 0.000000 1.000000
vn 0.000000 -1.000000 0.000000
vn 0.000000 -1.000000 0.000000
vn 0.000000 0.000000 -1.000000
vn 0.000000 0.000000 -1.000000
vn 0.000000 0.000000 -1.000000
vn 0.000000 0.000000 -1.000000
vn 0.000000 1.000000 0.000000
vn -1.000000 0.000000 0.000000
vn -1.000000 0.000000 0.000000
vn -1.000000 0.000000 0.000000
vn -1.000000 0.000000 0.000000
vn 0.000000 -1.000000 0.000000
vn 0.000000 -1.000000 0.000000
vn 0.000000 -1.000000 0.000000
vn 0.000000 -1.000000 0.000000
vn 0.000000 0.000000 -1.000000
vn 0.000000 0.000000 -1.000000
vn 0.000000 0.000000 -1.000000
vn 0.000000 0.000000 -1.000000
vn 0.000000 1.000000 0.000000
vn 0.000000 1.000000 0.000000
vn 0.000000 1.000000 0.000000
vn 0.000000 1.000000 0.000000
vn 0.000000 1.000000 0.000000
vn -1.000000 0.000000 0.000000
vn -1.000000 -0.000000 0.000000
vn -1.000000 0.000000 0.000000
vn -1.000000 -0.000000 0.000000
vn -1.000000 -0.000000 0.000000
vn -1.000000 0.000000 0.000000
vn -1.000000 0.000000 0.000000
vn -1.000000 0.000000 0.000000
vn 0.000000 1.000000 -0.000000
vn 0.000000 1.000000 -0.000000
vn 0.000000 1.000000 -0.000000
vn 0.000000 1.000000 -0.000000
s 1
g security_room security_room
usemtl aiStandardSurface3SG
f 3/3/1 4/4/2 5/5/3 6/6/4
s off
f 7/7/5 8/8/6 9/9/7 10/10/8 11/11/9
f 14/12/10 15/13/11 16/14/12 17/15/13
f 15/13/14 18/16/15 19/17/16 16/14/17
s 1
f 22/129/18 23/130/19 4/131/2 3/132/1
s off
f 18/16/20 21/20/21 20/21/22 19/17/23
f 9/9/24 24/22/25 1/1/26 2/2/27 25/23/28 10/10/29
f 26/24/30 27/25/31 28/26/32 29/27/33
f 27/25/34 30/28/35 31/29/36 28/26/37
f 32/30/38 33/31/39 34/32/40 35/33/41
s 2
f 39/34/42 40/35/43 41/36/44 42/37/45
s off
f 42/77/46 41/78/47 45/79/48 44/80/49
f 46/40/50 26/24/51 29/27/52 36/41/53
s 2
f 40/35/43 47/42/54 48/43/55 41/36/44
s off
f 49/44/56 32/30/57 35/33/58 43/45/59
f 30/28/60 46/40/61 36/41/62 31/29/63
s 1
f 4/4/2 23/19/19 45/38/64 5/5/3
s off
f 41/81/65 48/82/66 5/83/67 45/84/68
f 37/46/69 49/44/70 43/45/71 38/47/72
s 3
f 37/85/73 33/86/74 50/87/75 51/88/76 15/89/77 14/90/78 21/91/79
f 37/92/73 21/93/79 18/94/80 15/95/77 51/96/76 47/97/81 40/98/82
s 4
f 46/57/83 30/58/84 27/59/85 8/60/86 7/61/87 52/62/88 53/63/89 50/64/90 40/65/91
s 3
f 50/99/75 33/100/74 32/101/92 49/102/93 37/103/73 40/104/82
s 4
f 53/66/89 52/67/88 54/68/94 24/69/95 9/70/96 8/71/86 27/72/85 26/73/97 46/74/83 40/75/91 39/76/98
s 2
f 47/42/54 55/53/99 56/54/100 48/43/55
s off
f 6/109/101 5/110/102 48/111/103 56/112/104
s 1
f 22/18/18 3/3/1 6/6/4 44/39/105
s off
f 56/113/106 42/114/107 44/115/108 6/116/109
f 59/48/110 51/49/111 50/51/112 53/55/113
f 55/105/114 47/106/115 51/107/116 59/108/117
f 58/56/118 54/52/119 52/50/120 7/7/121 11/11/122
s 5
f 13/117/123 12/118/124 60/119/125 59/120/126 53/121/127 39/122/128
f 59/123/126 60/124/125 57/125/129 13/126/123 39/127/128 55/128/130
s off
f 23/19/131 22/18/132 44/39/133 45/38/134
g default
v 15.046677 12.880388 -1.213272
v 14.642565 12.880388 -1.213272
v 15.046677 22.924447 -1.213272
v 14.642565 22.924447 -1.213272
v 15.046677 22.924447 -6.629426
v 14.642565 22.924447 -6.629426
v 15.046677 12.880388 -6.629426
v 14.642565 12.880388 -6.629426
v 15.046677 13.080388 -6.429427
v 15.046677 13.080388 -1.413272
v 15.046677 22.724447 -1.413272
v 15.046677 22.724447 -6.429427
vt 0.375000 0.000000
vt 0.625000 0.000000
vt 0.375000 0.250000
vt 0.625000 0.250000
vt 0.375000 0.500000
vt 0.625000 0.500000
vt 0.375000 0.750000
vt 0.625000 0.750000
vt 0.375000 1.000000
vt 0.625000 1.000000
vt 0.125000 0.000000
vt 0.125000 0.250000
vt 0.125000 0.000000
vt 0.375000 0.000000
vt 0.375000 0.250000
vt 0.125000 0.250000
vn -0.000000 0.000000 1.000000
vn -0.000000 0.000000 1.000000
vn -0.000000 0.000000 1.000000
vn -0.000000 0.000000 1.000000
vn 0.000000 1.000000 0.000000
vn 0.000000 1.000000 0.000000
vn 0.000000 1.000000 0.000000
vn 0.000000 1.000000 0.000000
vn 0.000000 0.000000 -1.000000
vn 0.000000 0.000000 -1.000000
vn 0.000000 0.000000 -1.000000
vn 0.000000 0.000000 -1.000000
vn -0.000000 -1.000000 0.000000
vn -0.000000 -1.000000 0.000000
vn -0.000000 -1.000000 0.000000
vn -0.000000 -1.000000 0.000000
vn 1.000000 0.000000 0.000000
vn 1.000000 0.000000 0.000000
vn 1.000000 0.000000 0.000000
vn 1.000000 0.000000 0.000000
vn 1.000000 0.000000 0.000000
vn 1.000000 0.000000 0.000000
vn 1.000000 0.000000 0.000000
vn 1.000000 0.000000 0.000000
s off
g security_room windows_2
usemtl aiStandardSurface7SG
f 61/133/135 62/134/136 64/136/137 63/135/138
f 63/135/139 64/136/140 66/138/141 65/137/142
f 65/137/143 66/138/144 68/140/145 67/139/146
f 67/139/147 68/140/148 62/142/149 61/141/150
s 1
usemtl aiStandardSurface8SG
f 69/145/151 70/146/152 71/147/153 72/148/154
usemtl aiStandardSurface7SG
f 67/143/155 61/133/156 70/146/152 69/145/151
f 61/133/156 63/135/157 71/147/153 70/146/152
f 63/135/157 65/144/158 72/148/154 71/147/153
f 65/144/158 67/143/155 69/145/151 72/148/154
g default
v 15.523305 12.880388 -17.416738
v 15.119192 12.880388 -17.416738
v 15.523305 22.924447 -17.416738
v 15.119192 22.924447 -17.416738
v 15.523305 22.924447 -22.832892
v 15.119192 22.924447 -22.832892
v 15.523305 12.880388 -22.832892
v 15.119192 12.880388 -22.832892
v 15.523305 13.080388 -22.632893
v 15.523305 13.080388 -17.616738
v 15.523305 22.724447 -17.616738
v 15.523305 22.724447 -22.632893
vt 0.375000 0.000000
vt 0.625000 0.000000
vt 0.375000 0.250000
vt 0.625000 0.250000
vt 0.375000 0.500000
vt 0.625000 0.500000
vt 0.375000 0.750000
vt 0.625000 0.750000
vt 0.375000 1.000000
vt 0.625000 1.000000
vt 0.125000 0.000000
vt 0.125000 0.250000
vt 0.125000 0.000000
vt 0.375000 0.000000
vt 0.375000 0.250000
vt 0.125000 0.250000
vn 0.000000 0.000000 1.000000
vn 0.000000 0.000000 1.000000
vn 0.000000 0.000000 1.000000
vn 0.000000 0.000000 1.000000
vn 0.000000 1.000000 0.000000
vn 0.000000 1.000000 0.000000
vn 0.000000 1.000000 0.000000
vn 0.000000 1.000000 0.000000
vn 0.000000 0.000000 -1.000000
vn 0.000000 0.000000 -1.000000
vn 0.000000 0.000000 -1.000000
vn 0.000000 0.000000 -1.000000
vn -0.000000 -1.000000 0.000000
vn -0.000000 -1.000000 0.000000
vn -0.000000 -1.000000 0.000000
vn -0.000000 -1.000000 0.000000
vn 1.000000 0.000000 0.000000
vn 1.000000 0.000000 0.000000
vn 1.000000 0.000000 0.000000
vn 1.000000 0.000000 0.000000
vn 1.000000 0.000000 0.000000
vn 1.000000 0.000000 0.000000
vn 1.000000 0.000000 0.000000
vn 1.000000 0.000000 0.000000
s off
g security_room window_s
usemtl aiStandardSurface7SG
f 73/149/159 74/150/160 76/152/161 75/151/162
f 75/151/163 76/152/164 78/154/165 77/153/166
f 77/153/167 78/154/168 80/156/169 79/155/170
f 79/155/171 80/156/172 74/158/173 73/157/174
s 1
usemtl aiStandardSurface8SG
f 81/161/175 82/162/176 83/163/177 84/164/178
usemtl aiStandardSurface7SG
f 79/159/179 73/149/180 82/162/176 81/161/175
f 73/149/180 75/151/181 83/163/177 82/162/176
f 75/151/181 77/160/182 84/164/178 83/163/177
f 77/160/182 79/159/179 81/161/175 84/164/178
g default
v 7.556528 17.735480 -0.141521
v 7.545145 17.735480 -0.345588
v 7.556528 18.874557 -0.141521
v 7.545145 18.874557 -0.345588
v 7.356105 18.874557 -0.130341
v 7.344722 18.874557 -0.334408
v 7.356105 17.735480 -0.130341
v 7.344722 17.735480 -0.334408
v 7.556528 18.988465 -0.141521
v 7.544007 18.988465 -0.365995
v 7.343583 18.988465 -0.354815
v 7.356105 18.988465 -0.130341
v 7.356105 17.621572 -0.130341
v 7.343583 17.621572 -0.354815
v 7.544007 17.621572 -0.365995
v 7.556528 17.621572 -0.141521
vt 0.625000 0.000000
vt 0.375000 0.250000
vt 0.625000 0.250000
vt 0.375000 0.500000
vt 0.625000 0.500000
vt 0.375000 0.750000
vt 0.625000 0.750000
vt 0.375000 1.000000
vt 0.625000 1.000000
vt 0.875000 0.000000
vt 0.875000 0.250000
vt 0.375000 0.250000
vt 0.625000 0.250000
vt 0.625000 0.500000
vt 0.375000 0.500000
vt 0.375000 0.750000
vt 0.625000 0.750000
vt 0.625000 1.000000
vt 0.375000 1.000000
vt 0.625000 0.000000
vt 0.875000 0.000000
vt 0.875000 0.250000
vt 0.375000 0.250000
vt 0.625000 0.250000
vt 0.625000 0.500000
vt 0.375000 0.500000
vt 0.375000 0.750000
vt 0.625000 0.750000
vt 0.625000 1.000000
vt 0.375000 1.000000
vt 0.875000 0.000000
vt 0.875000 0.250000
vt 0.625000 0.000000
vn 0.000000 1.000000 -0.000000
vn 0.000000 1.000000 -0.000000
vn 0.000000 1.000000 -0.000000
vn 0.000000 1.000000 -0.000000
vn 0.000000 -1.000000 0.000000
vn 0.000000 -1.000000 0.000000
vn 0.000000 -1.000000 0.000000
vn 0.000000 -1.000000 0.000000
vn -0.055694 0.000000 -0.998448
vn -0.055694 0.000000 -0.998448
vn -0.055694 0.000000 -0.998448
vn -0.055694 0.000000 -0.998448
vn 0.000000 -1.000000 0.000000
vn 0.000000 -1.000000 0.000000
vn 0.000000 -1.000000 0.000000
vn 0.000000 -1.000000 0.000000
vn 0.000000 1.000000 -0.000000
vn 0.000000 1.000000 -0.000000
vn 0.000000 1.000000 -0.000000
vn 0.000000 1.000000 -0.000000
vn 0.055694 0.000000 0.998448
vn 0.055694 0.000000 0.998448
vn 0.055694 0.000000 0.998448
vn 0.055694 0.000000 0.998448
vn 0.998448 0.000000 -0.055694
vn 0.998448 0.000000 -0.055694
vn 0.998448 0.000000 -0.055694
vn 0.998448 0.000000 -0.055694
vn -0.998448 0.000000 0.055694
vn -0.998448 0.000000 0.055694
vn -0.998448 0.000000 0.055694
vn -0.998448 0.000000 0.055694
vn 0.055694 0.000000 0.998448
vn 0.055694 0.000000 0.998448
vn 0.055694 0.000000 0.998448
vn 0.055694 0.000000 0.998448
vn -0.998448 0.000000 0.055694
vn -0.998448 0.000000 0.055694
vn -0.998448 0.000000 0.055694
vn -0.998448 0.000000 0.055694
vn 0.998448 0.000000 -0.055694
vn 0.998448 0.000000 -0.055694
vn 0.998448 0.000000 -0.055694
vn 0.998448 0.000000 -0.055694
vn 0.055694 0.000000 0.998448
vn 0.055694 0.000000 0.998448
vn 0.055694 0.000000 0.998448
vn 0.055694 0.000000 0.998448
s off
g security_room window_holder window1
usemtl aiStandardSurface15SG
f 93/187/183 94/188/184 95/189/185 96/190/186
f 97/191/187 98/192/188 99/193/189 100/194/190
f 99/197/191 98/195/192 95/196/193 94/188/194
f 87/176/195 89/179/196 90/178/197 88/177/198
f 91/180/199 85/183/200 86/182/201 92/181/202
f 86/184/203 88/177/204 90/186/205 92/185/206
s 1
f 87/166/207 88/167/208 94/188/209 93/187/210
s 2
f 90/169/211 89/168/212 96/190/213 95/189/214
s off
f 89/168/215 87/166/216 93/187/217 96/190/218
s 2
f 91/170/219 92/171/220 98/192/221 97/191/222
s 1
f 86/173/223 85/172/224 100/194/225 99/193/226
s off
f 85/172/227 91/170/228 97/191/229 100/194/230
s 2
f 92/174/220 90/175/211 95/196/214 98/195/221
s 1
f 88/167/208 86/165/223 99/197/226 94/188/209
g default
v 0.609629 12.774365 0.268699
v 14.198239 12.774365 0.268699
v 0.609629 22.870319 0.268699
v 14.198239 22.870319 0.268699
v 0.609629 22.870319 0.012155
v 14.198239 22.870319 0.012155
v 0.609629 12.774365 0.012155
v 14.198239 12.774365 0.012155
v 7.723061 22.870319 0.268699
v 7.723061 22.870319 0.012155
v 7.723061 12.774365 0.012155
v 7.723061 12.774365 0.268699
v 7.072623 22.870319 0.268699
v 7.072623 22.870319 0.012155
v 7.072623 12.774365 0.012155
v 7.072623 12.774365 0.268699
v 7.072623 22.870319 -0.157165
v 7.072623 12.774365 -0.157165
v 7.723061 22.870319 -0.157165
v 7.723061 12.774365 -0.157165
v 7.072623 12.774365 0.438019
v 7.072623 22.870319 0.438019
v 7.723061 12.774365 0.438019
v 7.723061 22.870319 0.438019
v 8.123060 13.174363 0.268699
v 8.123060 22.470323 0.268699
v 13.798240 13.174363 0.268699
v 13.798240 22.470323 0.268699
v 0.909629 13.074366 0.268699
v 6.772623 13.074366 0.268699
v 6.772623 22.570322 0.268699
v 0.909629 22.570322 0.268699
vt 0.375000 0.000000
vt 0.625000 0.000000
vt 0.375000 0.250000
vt 0.625000 0.250000
vt 0.375000 0.500000
vt 0.625000 0.500000
vt 0.375000 0.750000
vt 0.625000 0.750000
vt 0.375000 1.000000
vt 0.625000 1.000000
vt 0.875000 0.000000
vt 0.875000 0.250000
vt 0.125000 0.000000
vt 0.125000 0.250000
vt 0.505871 0.250000
vt 0.505871 0.500000
vt 0.505871 0.750000
vt 0.505871 0.000000
vt 0.505871 1.000000
vt 0.493905 0.250000
vt 0.493905 0.500000
vt 0.493905 0.750000
vt 0.493905 0.000000
vt 0.493905 1.000000
vt 0.493905 0.750000
vt 0.493905 0.500000
vt 0.505871 0.500000
vt 0.505871 0.750000
vt 0.493905 0.250000
vt 0.493905 0.000000
vt 0.505871 0.000000
vt 0.505871 0.250000
vt 0.505871 0.250000
vt 0.505871 0.000000
vt 0.625000 0.000000
vt 0.625000 0.250000
vt 0.375000 0.000000
vt 0.493905 0.000000
vt 0.493905 0.250000
vt 0.375000 0.250000
vn 0.000000 0.000000 1.000000
vn -0.000000 0.000000 1.000000
vn -0.000000 0.000000 1.000000
vn 0.000000 0.000000 1.000000
vn 0.000000 1.000000 0.000000
vn 0.000000 1.000000 0.000000
vn 0.000000 1.000000 0.000000
vn 0.000000 1.000000 0.000000
vn 0.000000 -1.000000 0.000000
vn 0.000000 -1.000000 0.000000
vn 0.000000 -1.000000 0.000000
vn 0.000000 -1.000000 0.000000
vn 1.000000 0.000000 0.000000
vn 1.000000 0.000000 0.000000
vn 1.000000 0.000000 0.000000
vn 1.000000 0.000000 0.000000
vn -1.000000 0.000000 0.000000
vn -1.000000 0.000000 0.000000
vn -1.000000 0.000000 0.000000
vn -1.000000 0.000000 0.000000
vn 0.000000 1.000000 0.000000
vn 0.000000 1.000000 0.000000
vn 0.000000 1.000000 0.000000
vn 0.000000 1.000000 0.000000
vn 0.000000 -1.000000 0.000000
vn 0.000000 -1.000000 0.000000
vn 0.000000 -1.000000 0.000000
vn 0.000000 -1.000000 0.000000
vn 0.000000 0.000000 1.000000
vn 0.000000 0.000000 1.000000
vn -0.000000 0.000000 1.000000
vn -0.000000 0.000000 1.000000
vn 0.000000 0.000000 -1.000000
vn 0.000000 0.000000 -1.000000
vn 0.000000 0.000000 -1.000000
vn 0.000000 0.000000 -1.000000
vn 0.000000 0.000000 1.000000
vn 0.000000 0.000000 1.000000
vn 0.000000 0.000000 1.000000
vn 0.000000 0.000000 1.000000
vn -1.000000 0.000000 0.000000
vn -1.000000 0.000000 0.000000
vn -1.000000 0.000000 0.000000
vn -1.000000 0.000000 0.000000
vn 0.000000 1.000000 0.000000
vn 0.000000 1.000000 0.000000
vn 1.000000 0.000000 0.000000
vn 1.000000 0.000000 0.000000
vn 1.000000 0.000000 0.000000
vn 1.000000 0.000000 0.000000
vn 0.000000 -1.000000 0.000000
vn 0.000000 -1.000000 0.000000
vn -1.000000 0.000000 0.000000
vn -1.000000 0.000000 0.000000
vn -1.000000 0.000000 0.000000
vn -1.000000 0.000000 0.000000
vn 0.000000 -1.000000 0.000000
vn 0.000000 -1.000000 0.000000
vn 1.000000 0.000000 0.000000
vn 1.000000 0.000000 0.000000
vn 1.000000 0.000000 0.000000
vn 1.000000 0.000000 0.000000
vn 0.000000 1.000000 0.000000
vn 0.000000 1.000000 0.000000
vn 0.000000 0.000000 1.000000
vn 0.000000 0.000000 1.000000
vn -0.000000 0.000000 1.000000
vn -0.000000 0.000000 1.000000
vn 0.000000 0.000000 1.000000
vn -0.000000 0.000000 1.000000
vn -0.000000 0.000000 1.000000
vn 0.000000 0.000000 1.000000
s 1
g security_room window1 window
usemtl aiStandardSurface6SG
f 129/234/231 130/235/232 131/236/233 132/237/234
s 2
usemtl aiStandardSurface5SG
f 103/200/235 113/217/236 114/218/237 105/202/238
s 3
f 107/204/239 115/219/240 116/221/241 101/206/242
s off
f 102/199/243 108/208/244 106/209/245 104/201/246
f 107/210/247 101/198/248 103/200/249 105/211/250
s 2
f 109/212/251 104/201/252 106/203/253 110/213/254
s 3
f 112/216/255 111/214/256 108/205/257 102/207/258
s 4
usemtl aiStandardSurface6SG
f 126/230/259 125/231/260 127/232/261 128/233/262
s 2
usemtl aiStandardSurface5SG
f 113/217/236 109/212/251 110/213/254 114/218/237
s off
f 118/222/263 117/223/264 119/224/265 120/225/266
s 3
f 116/221/241 115/219/240 111/214/256 112/216/255
s off
f 122/226/267 121/227/268 123/228/269 124/229/270
f 115/219/271 114/218/272 117/223/273 118/222/274
s 2
f 114/218/237 110/213/254 119/224/275 117/223/276
s off
f 110/213/277 111/214/278 120/225/279 119/224/280
s 3
f 111/214/256 115/219/240 118/222/281 120/225/282
s off
f 113/217/283 116/220/284 121/227/285 122/226/286
s 3
f 116/220/241 112/215/255 123/228/287 121/227/288
s off
f 112/215/289 109/212/290 124/229/291 123/228/292
s 2
f 109/212/251 113/217/236 122/226/293 124/229/294
s 4
f 109/212/295 112/215/296 125/231/260 126/230/259
f 112/215/296 102/199/297 127/232/261 125/231/260
f 102/199/297 104/201/298 128/233/262 127/232/261
f 104/201/298 109/212/295 126/230/259 128/233/262
s 1
f 101/198/299 116/220/300 130/235/232 129/234/231
f 116/220/300 113/217/301 131/236/233 130/235/232
f 113/217/301 103/200/302 132/237/234 131/236/233
f 103/200/302 101/198/299 129/234/231 132/237/234
g default
v -15.433932 12.808772 -1.411877
v -14.997933 12.808772 -1.411877
v -15.433932 23.057346 -1.411877
v -14.997933 23.057346 -1.411877
v -15.433932 23.057346 -21.021170
v -14.997933 23.057346 -21.021170
v -15.433932 12.808772 -21.021170
v -14.997933 12.808772 -21.021170
v -15.433932 23.057346 -10.400546
v -15.433932 12.808772 -10.400546
v -14.997933 12.808772 -10.400546
v -14.997933 23.057346 -10.400546
v -15.433932 23.057346 -10.888613
v -15.433932 12.808772 -10.888613
v -14.997933 12.808772 -10.888613
v -14.997933 23.057346 -10.888613
v -15.533934 12.808772 -10.888613
v -15.533934 12.808772 -10.400546
v -15.533934 23.057346 -10.400546
v -15.533934 23.057346 -10.888613
v -14.897930 12.808772 -10.400546
v -14.897930 23.057346 -10.400546
v -14.897930 12.808772 -10.888613
v -14.897930 23.057346 -10.888613
v -15.433932 13.308773 -9.900545
v -15.433932 13.308773 -1.911877
v -15.433932 22.557345 -1.911877
v -15.433932 22.557345 -9.900545
v -15.433932 13.308773 -20.521169
v -15.433932 13.308773 -11.388614
v -15.433932 22.557345 -11.388614
v -15.433932 22.557345 -20.521169
vt 0.375000 0.000000
vt 0.625000 0.000000
vt 0.375000 0.250000
vt 0.625000 0.250000
vt 0.375000 0.500000
vt 0.625000 0.500000
vt 0.375000 0.750000
vt 0.625000 0.750000
vt 0.375000 1.000000
vt 0.625000 1.000000
vt 0.125000 0.000000
vt 0.125000 0.250000
vt 0.260403 0.250000
vt 0.375000 0.364597
vt 0.260403 0.000000
vt 0.375000 0.885403
vt 0.625000 0.885403
vt 0.739597 0.000000
vt 0.625000 0.364597
vt 0.739597 0.250000
vt 0.254181 0.250000
vt 0.375000 0.370819
vt 0.254181 0.000000
vt 0.375000 0.879180
vt 0.625000 0.879180
vt 0.745819 0.000000
vt 0.625000 0.370819
vt 0.745819 0.250000
vt 0.254181 0.000000
vt 0.260403 0.000000
vt 0.260403 0.250000
vt 0.254181 0.250000
vt 0.739597 0.250000
vt 0.739597 0.000000
vt 0.745819 0.000000
vt 0.745819 0.250000
vt 0.260403 0.000000
vt 0.375000 0.000000
vt 0.375000 0.250000
vt 0.260403 0.250000
vt 0.125000 0.000000
vt 0.254181 0.000000
vt 0.254181 0.250000
vt 0.125000 0.250000
vn 0.000000 0.000000 1.000000
vn 0.000000 0.000000 1.000000
vn 0.000000 0.000000 1.000000
vn 0.000000 0.000000 1.000000
vn 0.000000 1.000000 0.000000
vn 0.000000 1.000000 0.000000
vn 0.000000 1.000000 0.000000
vn 0.000000 1.000000 0.000000
vn 0.000000 0.000000 -1.000000
vn 0.000000 0.000000 -1.000000
vn 0.000000 0.000000 -1.000000
vn 0.000000 0.000000 -1.000000
vn 0.000000 -1.000000 0.000000
vn 0.000000 -1.000000 0.000000
vn 0.000000 -1.000000 0.000000
vn 0.000000 -1.000000 0.000000
vn -1.000000 0.000000 0.000000
vn -1.000000 0.000000 0.000000
vn -1.000000 -0.000000 0.000000
vn -1.000000 -0.000000 0.000000
vn -1.000000 0.000000 0.000000
vn -1.000000 0.000000 0.000000
vn -1.000000 0.000000 0.000000
vn -1.000000 0.000000 0.000000
vn 0.000000 -1.000000 0.000000
vn 0.000000 -1.000000 0.000000
vn 1.000000 0.000000 0.000000
vn 1.000000 0.000000 0.000000
vn 1.000000 0.000000 0.000000
vn 1.000000 0.000000 0.000000
vn 0.000000 1.000000 0.000000
vn 0.000000 1.000000 0.000000
vn -1.000000 0.000000 0.000000
vn -1.000000 0.000000 0.000000
vn -1.000000 -0.000000 0.000000
vn -1.000000 -0.000000 0.000000
vn 0.000000 -1.000000 0.000000
vn 0.000000 -1.000000 0.000000
vn 0.000000 1.000000 0.000000
vn 0.000000 1.000000 0.000000
vn 0.000000 -1.000000 0.000000
vn 0.000000 -1.000000 0.000000
vn 0.000000 0.000000 1.000000
vn 0.000000 0.000000 1.000000
vn 0.000000 0.000000 1.000000
vn 0.000000 0.000000 1.000000
vn 0.000000 1.000000 0.000000
vn 0.000000 1.000000 0.000000
vn 0.000000 0.000000 -1.000000
vn 0.000000 0.000000 -1.000000
vn 0.000000 0.000000 -1.000000
vn 0.000000 0.000000 -1.000000
vn 0.000000 0.000000 1.000000
vn 0.000000 0.000000 1.000000
vn 0.000000 0.000000 1.000000
vn 0.000000 0.000000 1.000000
vn 0.000000 -1.000000 0.000000
vn 0.000000 -1.000000 0.000000
vn 0.000000 0.000000 -1.000000
vn 0.000000 0.000000 -1.000000
vn 0.000000 0.000000 -1.000000
vn 0.000000 0.000000 -1.000000
vn 0.000000 1.000000 0.000000
vn 0.000000 1.000000 0.000000
vn -1.000000 0.000000 0.000000
vn -1.000000 0.000000 0.000000
vn -1.000000 -0.000000 0.000000
vn -1.000000 -0.000000 0.000000
vn -1.000000 0.000000 0.000000
vn -1.000000 0.000000 0.000000
vn -1.000000 -0.000000 0.000000
vn -1.000000 -0.000000 0.000000
s off
g security_room window window2
usemtl aiStandardSurface10SG
f 133/238/303 134/239/304 136/241/305 135/240/306
s 1
f 135/240/307 136/241/308 144/256/309 141/251/310
s off
f 137/242/311 138/243/312 140/245/313 139/244/314
s 2
f 142/253/315 143/254/316 134/247/317 133/246/318
s 3
usemtl aiStandardSurface11SG
f 157/274/319 158/275/320 159/276/321 160/277/322
s off
usemtl aiStandardSurface10SG
f 149/266/323 150/267/324 151/268/325 152/269/326
s 2
f 146/261/327 147/262/328 143/254/316 142/253/315
s off
f 154/270/329 153/271/330 155/272/331 156/273/332
s 1
f 141/251/310 144/256/309 148/264/333 145/259/334
s 4
usemtl aiStandardSurface11SG
f 161/278/335 162/279/336 163/280/337 164/281/338
s 2
usemtl aiStandardSurface10SG
f 139/244/339 140/245/340 147/262/328 146/261/327
s 1
f 145/259/334 148/264/333 138/243/341 137/242/342
s 2
f 146/260/327 142/252/315 150/267/343 149/266/344
s off
f 142/252/345 141/250/346 151/268/347 150/267/348
s 1
f 141/250/310 145/258/334 152/269/349 151/268/350
s off
f 145/258/351 146/260/352 149/266/353 152/269/354
f 144/257/355 143/255/356 153/271/357 154/270/358
s 2
f 143/255/316 147/263/328 155/272/359 153/271/360
s off
f 147/263/361 148/265/362 156/273/363 155/272/364
s 1
f 148/265/333 144/257/309 154/270/365 156/273/366
s 3
f 142/252/367 133/238/368 158/275/320 157/274/319
f 133/238/368 135/240/369 159/276/321 158/275/320
f 135/240/369 141/250/370 160/277/322 159/276/321
f 141/250/370 142/252/367 157/274/319 160/277/322
s 4
f 139/248/371 146/260/372 162/279/336 161/278/335
f 146/260/372 145/258/373 163/280/337 162/279/336
f 145/258/373 137/249/374 164/281/338 163/280/337
f 137/249/374 139/248/371 161/278/335 164/281/338
g default
v -14.912514 17.367846 -10.557601
v -14.708129 17.367846 -10.557601
v -14.912514 18.506923 -10.557601
v -14.708129 18.506923 -10.557601
v -14.912514 18.506923 -10.758336
v -14.708129 18.506923 -10.758336
v -14.912514 17.367846 -10.758336
v -14.708129 17.367846 -10.758336
v -14.912514 18.620831 -10.557601
v -14.687691 18.620831 -10.557601
v -14.687691 18.620831 -10.758336
v -14.912514 18.620831 -10.758336
v -14.912514 17.253938 -10.758336
v -14.687691 17.253938 -10.758336
v -14.687691 17.253938 -10.557601
v -14.912514 17.253938 -10.557601
vt 0.625000 0.000000
vt 0.375000 0.250000
vt 0.625000 0.250000
vt 0.375000 0.500000
vt 0.625000 0.500000
vt 0.375000 0.750000
vt 0.625000 0.750000
vt 0.375000 1.000000
vt 0.625000 1.000000
vt 0.875000 0.000000
vt 0.875000 0.250000
vt 0.375000 0.250000
vt 0.625000 0.250000
vt 0.625000 0.500000
vt 0.375000 0.500000
vt 0.375000 0.750000
vt 0.625000 0.750000
vt 0.625000 1.000000
vt 0.375000 1.000000
vt 0.625000 0.000000
vt 0.875000 0.000000
vt 0.875000 0.250000
vt 0.375000 0.250000
vt 0.625000 0.250000
vt 0.625000 0.500000
vt 0.375000 0.500000
vt 0.375000 0.750000
vt 0.625000 0.750000
vt 0.625000 1.000000
vt 0.375000 1.000000
vt 0.875000 0.000000
vt 0.875000 0.250000
vt 0.625000 0.000000
vn 0.000000 1.000000 0.000000
vn 0.000000 1.000000 0.000000
vn 0.000000 1.000000 0.000000
vn 0.000000 1.000000 0.000000
vn 0.000000 -1.000000 0.000000
vn 0.000000 -1.000000 0.000000
vn 0.000000 -1.000000 0.000000
vn 0.000000 -1.000000 0.000000
vn 1.000000 0.000000 0.000000
vn 1.000000 0.000000 0.000000
vn 1.000000 0.000000 0.000000
vn 1.000000 0.000000 0.000000
vn 0.000000 -1.000000 0.000000
vn 0.000000 -1.000000 0.000000
vn 0.000000 -1.000000 0.000000
vn 0.000000 -1.000000 0.000000
vn 0.000000 1.000000 0.000000
vn 0.000000 1.000000 0.000000
vn 0.000000 1.000000 0.000000
vn 0.000000 1.000000 0.000000
vn -1.000000 0.000000 0.000000
vn -1.000000 0.000000 0.000000
vn -1.000000 0.000000 0.000000
vn -1.000000 0.000000 0.000000
vn 0.000000 0.000000 1.000000
vn 0.000000 0.000000 1.000000
vn 0.000000 0.000000 1.000000
vn 0.000000 0.000000 1.000000
vn 0.000000 0.000000 -1.000000
vn 0.000000 0.000000 -1.000000
vn 0.000000 0.000000 -1.000000
vn 0.000000 0.000000 -1.000000
vn -1.000000 0.000000 0.000000
vn -1.000000 0.000000 0.000000
vn -1.000000 0.000000 0.000000
vn -1.000000 0.000000 0.000000
vn 0.000000 0.000000 -1.000000
vn 0.000000 0.000000 -1.000000
vn 0.000000 0.000000 -1.000000
vn 0.000000 0.000000 -1.000000
vn 0.000000 0.000000 1.000000
vn 0.000000 0.000000 1.000000
vn 0.000000 0.000000 1.000000
vn 0.000000 0.000000 1.000000
vn -1.000000 0.000000 0.000000
vn -1.000000 0.000000 0.000000
vn -1.000000 0.000000 0.000000
vn -1.000000 0.000000 0.000000
s off
g security_room window2 window_holder
usemtl aiStandardSurface15SG
f 173/304/375 174/305/376 175/306/377 176/307/378
f 177/308/379 178/309/380 179/310/381 180/311/382
f 179/314/383 178/312/384 175/313/385 174/305/386
f 167/293/387 169/296/388 170/295/389 168/294/390
f 171/297/391 165/300/392 166/299/393 172/298/394
f 166/301/395 168/294/396 170/303/397 172/302/398
s 1
f 167/283/399 168/284/400 174/305/401 173/304/402
s 2
f 170/286/403 169/285/404 176/307/405 175/306/406
s off
f 169/285/407 167/283/408 173/304/409 176/307/410
s 2
f 171/287/411 172/288/412 178/309/413 177/308/414
s 1
f 166/290/415 165/289/416 180/311/417 179/310/418
s off
f 165/289/419 171/287/420 177/308/421 180/311/422
s 2
f 172/291/412 170/292/403 175/313/406 178/312/413
s 1
f 168/284/400 166/282/415 179/314/418 174/305/401
g default
v -7.896482 12.754094 -0.629645
v -7.924675 12.809817 -0.625755
v -7.968689 12.854045 -0.621018
v -8.024214 12.882440 -0.615897
v -8.085815 12.892223 -0.610895
v -8.147463 12.882440 -0.606501
v -8.203123 12.854045 -0.603144
v -8.247345 12.809817 -0.601154
v -8.275803 12.754094 -0.600724
v -8.285710 12.692320 -0.601899
v -8.276096 12.630547 -0.604561
v -8.247902 12.574820 -0.608452
v -8.203889 12.530592 -0.613189
v -8.148364 12.502201 -0.618309
v -8.086762 12.492418 -0.623311
v -8.025114 12.502201 -0.627706
v -7.969455 12.530592 -0.631062
v -7.925232 12.574820 -0.633053
v -7.896774 12.630547 -0.633482
v -7.886868 12.692320 -0.632307
v -7.807703 12.717719 0.534780
v -7.835896 12.773449 0.538670
v -7.879910 12.817674 0.543407
v -7.935435 12.846067 0.548528
v -7.997037 12.855851 0.553530
v -8.058685 12.846067 0.557925
v -8.114344 12.817674 0.561281
v -8.158567 12.773449 0.563271
v -8.187025 12.717719 0.563700
v -8.196931 12.655947 0.562526
v -8.187317 12.594175 0.559863
v -8.159123 12.538448 0.555973
v -8.115110 12.494224 0.551236
v -8.059585 12.465826 0.546116
v -7.997983 12.456042 0.541114
v -7.936336 12.465826 0.536719
v -7.880676 12.494224 0.533362
v -7.836453 12.538448 0.531372
v -7.807995 12.594175 0.530943
v -7.798089 12.655947 0.532117
v -8.086289 12.692320 -0.617103
v -7.997510 12.655947 0.547322
v -8.195056 12.721012 0.458363
v -8.166598 12.776737 0.457934
v -8.122376 12.820965 0.455943
v -8.066716 12.849356 0.452586
v -8.005068 12.859139 0.448192
v -7.943467 12.849356 0.443189
v -7.887941 12.820965 0.438070
v -7.843928 12.776737 0.433332
v -7.815734 12.721012 0.429442
v -7.806120 12.659239 0.426780
v -7.816027 12.597463 0.425605
v -7.844484 12.541739 0.426034
v -7.888707 12.497514 0.428025
v -7.944367 12.469120 0.431381
v -8.006015 12.459335 0.435776
v -8.067616 12.469120 0.440778
v -8.123141 12.497514 0.445899
v -8.167154 12.541739 0.450636
v -8.195348 12.597463 0.454526
v -8.204962 12.659239 0.457188
v -8.386933 12.783557 0.474945
v -8.329661 12.895707 0.474081
v -8.378901 12.780265 0.580283
v -8.321629 12.892416 0.579419
v -8.240664 12.984707 0.470075
v -8.232636 12.981413 0.575413
v -8.128651 13.041845 0.463319
v -8.120623 13.038554 0.568658
v -8.004588 13.061535 0.454477
v -7.996558 13.058245 0.559815
v -7.880616 13.041843 0.444410
v -7.872587 13.038555 0.549748
v -7.768880 12.984705 0.434106
v -7.760846 12.981413 0.539444
v -7.680300 12.895705 0.424573
v -7.672267 12.892413 0.529911
v -7.623561 12.783556 0.416744
v -7.615530 12.780264 0.522081
v -7.604213 12.659239 0.411385
v -7.596182 12.655947 0.516723
v -7.624149 12.534924 0.409023
v -7.616118 12.531633 0.514360
v -7.681418 12.422776 0.409887
v -7.673388 12.419485 0.515224
v -7.770417 12.333771 0.413892
v -7.762389 12.330482 0.519231
v -7.882431 12.276628 0.420648
v -7.874397 12.273340 0.525985
v -8.006493 12.256937 0.429491
v -7.998463 12.253648 0.534828
v -8.130465 12.276628 0.439558
v -8.122436 12.273341 0.544896
v -8.242207 12.333770 0.449863
v -8.234178 12.330484 0.555201
v -8.330781 12.422773 0.459396
v -8.322750 12.419483 0.564733
v -8.387521 12.534923 0.467224
v -8.379490 12.531631 0.572562
v -8.406869 12.659239 0.472582
v -8.398838 12.655946 0.577920
v -8.225700 12.800952 -0.317252
v -8.181478 12.845176 -0.319243
v -8.125818 12.873571 -0.322599
v -8.064170 12.883355 -0.326994
v -8.002569 12.873571 -0.331996
v -7.947044 12.845176 -0.337116
v -7.903030 12.800952 -0.341854
v -7.874836 12.745224 -0.345744
v -7.865222 12.683453 -0.348406
v -7.875129 12.621678 -0.349581
v -7.903587 12.565949 -0.349151
v -7.947809 12.521727 -0.347161
v -8.003469 12.493331 -0.343804
v -8.065117 12.483548 -0.339410
v -8.126718 12.493331 -0.334408
v -8.182244 12.521727 -0.329287
v -8.226257 12.565949 -0.324550
v -8.254450 12.621678 -0.320660
v -8.264064 12.683453 -0.317998
v -8.254158 12.745224 -0.316823
v -8.219630 12.798464 -0.237642
v -8.175408 12.842690 -0.239632
v -8.119748 12.871082 -0.242989
v -8.058100 12.880866 -0.247384
v -7.996499 12.871082 -0.252386
v -7.940974 12.842690 -0.257506
v -7.896960 12.798464 -0.262243
v -7.868767 12.742739 -0.266134
v -7.859153 12.680965 -0.268796
v -7.869059 12.619192 -0.269970
v -7.897517 12.563463 -0.269541
v -7.941740 12.519238 -0.267551
v -7.997399 12.490847 -0.264194
v -8.059047 12.481063 -0.259800
v -8.120649 12.490847 -0.254797
v -8.176174 12.519238 -0.249677
v -8.220187 12.563463 -0.244940
v -8.248381 12.619192 -0.241050
v -8.257995 12.680965 -0.238387
v -8.248088 12.742739 -0.237213
v -8.307232 12.860435 -0.309178
v -8.240623 12.927049 -0.312176
v -8.301164 12.857946 -0.229568
v -8.234555 12.924561 -0.232566
v -8.156789 12.969815 -0.317232
v -8.150717 12.967327 -0.237621
v -8.063930 12.984550 -0.323850
v -8.057862 12.982065 -0.244240
v -7.971144 12.969815 -0.331386
v -7.965074 12.967327 -0.251775
v -7.887509 12.927048 -0.339098
v -7.881441 12.924562 -0.259487
v -7.821214 12.860434 -0.346233
v -7.815146 12.857948 -0.266622
v -7.778749 12.776494 -0.352093
v -7.772680 12.774008 -0.272483
v -7.764269 12.683452 -0.356103
v -7.758199 12.680964 -0.276493
v -7.779190 12.590405 -0.357872
v -7.773121 12.587917 -0.278262
v -7.822053 12.506471 -0.357225
v -7.815985 12.503983 -0.277615
v -7.888667 12.439852 -0.354228
v -7.882596 12.437366 -0.274618
v -7.972500 12.397088 -0.349173
v -7.966433 12.394602 -0.269563
v -8.065356 12.382353 -0.342553
v -8.059284 12.379865 -0.262943
v -8.158137 12.397087 -0.335019
v -8.152069 12.394600 -0.255409
v -8.241774 12.439853 -0.327306
v -8.235706 12.437366 -0.247696
v -8.308070 12.506469 -0.320170
v -8.302002 12.503984 -0.240560
v -8.350539 12.590411 -0.314311
v -8.344468 12.587921 -0.234701
v -8.365018 12.683453 -0.310301
v -8.358948 12.680966 -0.230690
v -8.350097 12.776497 -0.308532
v -8.344028 12.774007 -0.228922
v -8.198766 12.789916 0.036011
v -8.154544 12.834143 0.034021
v -8.098884 12.862535 0.030664
v -8.037236 12.872320 0.026270
v -7.975635 12.862535 0.021267
v -7.920110 12.834143 0.016147
v -7.876096 12.789916 0.011410
v -7.847903 12.734191 0.007520
v -7.838289 12.672418 0.004857
v -7.848195 12.610643 0.003683
v -7.876653 12.554916 0.004112
v -7.920876 12.510692 0.006102
v -7.976535 12.482299 0.009459
v -8.038183 12.472514 0.013854
v -8.099785 12.482299 0.018856
v -8.155310 12.510692 0.023976
v -8.199323 12.554916 0.028713
v -8.227517 12.610643 0.032603
v -8.237131 12.672418 0.035266
v -8.227224 12.734191 0.036440
v -8.196470 12.788977 0.066137
v -8.152247 12.833201 0.064147
v -8.096588 12.861595 0.060790
v -8.034939 12.871379 0.056395
v -7.973338 12.861595 0.051393
v -7.917813 12.833201 0.046273
v -7.873799 12.788977 0.041536
v -7.845606 12.733250 0.037645
v -7.835992 12.671476 0.034983
v -7.845898 12.609702 0.033809
v -7.874356 12.553975 0.034237
v -7.918579 12.509751 0.036228
v -7.974238 12.481357 0.039585
v -8.035886 12.471573 0.043979
v -8.097488 12.481357 0.048981
v -8.153013 12.509751 0.054102
v -8.197026 12.553975 0.058839
v -8.225220 12.609702 0.062729
v -8.234834 12.671476 0.065391
v -8.224927 12.733250 0.066566
v -8.280301 12.849396 0.044085
v -8.213691 12.916011 0.041087
v -8.278002 12.848458 0.074210
v -8.211393 12.915073 0.071212
v -8.129855 12.958779 0.036030
v -8.127557 12.957839 0.066156
v -8.036994 12.973517 0.029411
v -8.034699 12.972575 0.059537
v -7.944211 12.958780 0.021878
v -7.941913 12.957839 0.052003
v -7.860578 12.916014 0.014164
v -7.858281 12.915073 0.044290
v -7.794282 12.849398 0.007029
v -7.791984 12.848457 0.037155
v -7.751817 12.765463 0.001171
v -7.749519 12.764521 0.031296
v -7.737335 12.672417 -0.002840
v -7.735038 12.671477 0.027286
v -7.752256 12.579371 -0.004609
v -7.749958 12.578434 0.025517
v -7.795121 12.495434 -0.003961
v -7.792824 12.494493 0.026164
v -7.861732 12.428821 -0.000966
v -7.859437 12.427877 0.029159
v -7.945568 12.386054 0.004088
v -7.943271 12.385113 0.034214
v -8.038421 12.371316 0.010710
v -8.036127 12.370378 0.040836
v -8.131213 12.386056 0.018243
v -8.128914 12.385113 0.048368
v -8.214840 12.428820 0.025955
v -8.212544 12.427878 0.056081
v -8.281138 12.495436 0.033094
v -8.278841 12.494494 0.063219
v -8.323604 12.579370 0.038952
v -8.321307 12.578429 0.069078
v -8.338085 12.672419 0.042963
v -8.335788 12.671476 0.073088
v -8.323163 12.765465 0.044732
v -8.320866 12.764522 0.074857
v -12.891921 14.490938 -0.098441
v -8.732145 14.490938 -0.145436
v -12.891921 18.545160 -0.098441
v -8.732145 18.545160 -0.145436
v -12.894684 18.545160 -0.343120
v -8.734909 18.545160 -0.390115
v -12.894684 14.490938 -0.343120
v -8.734909 14.490938 -0.390115
v -14.675946 3.125862 -0.264035
v -7.203379 3.125862 -0.226808
v -7.204656 3.125862 0.029398
v -14.677222 3.125862 -0.007830
v -15.034447 11.300961 -0.215535
v -14.989983 11.300961 -0.259559
v -14.873231 11.300961 -0.097173
v -15.063133 11.300961 -0.159922
v -14.934087 11.300961 -0.287689
v -15.073229 11.300961 -0.098170
v -14.872234 11.300961 -0.297171
v -15.063748 11.300961 -0.036318
v -14.810481 11.300961 -0.287075
v -15.035618 11.300961 0.019578
v -14.754869 11.300961 -0.258389
v -14.991593 11.300961 0.064041
v -14.710844 11.300961 -0.213922
v -14.935982 11.300961 0.092729
v -14.682716 11.300961 -0.158027
v -14.874228 11.300961 0.102824
v -14.673234 11.300961 -0.096176
v -14.812377 11.300961 0.093344
v -14.683330 11.300961 -0.034422
v -14.756482 11.300961 0.065213
v -14.712016 11.300961 0.021188
v -14.989983 13.256728 -0.259559
v -15.034447 13.256728 -0.215535
v -14.873231 13.256728 -0.097173
v -15.063133 13.256728 -0.159922
v -14.934087 13.256728 -0.287689
v -15.073229 13.256728 -0.098170
v -14.872234 13.256728 -0.297171
v -15.063748 13.256728 -0.036318
v -14.810481 13.256728 -0.287075
v -15.035618 13.256728 0.019578
v -14.754869 13.256728 -0.258389
v -14.991593 13.256728 0.064041
v -14.710844 13.256728 -0.213922
v -14.935982 13.256728 0.092729
v -14.682716 13.256728 -0.158027
v -14.874228 13.256728 0.102824
v -14.673234 13.256728 -0.096176
v -14.812377 13.256728 0.093344
v -14.683330 13.256728 -0.034422
v -14.756482 13.256728 0.065213
v -14.712016 13.256728 0.021188
v -14.677222 20.690750 -0.007830
v -14.675946 20.690750 -0.264035
v -15.034447 18.172625 -0.215535
v -14.989983 18.172625 -0.259559
v -14.873231 18.172625 -0.097173
v -15.063133 18.172625 -0.159922
v -14.934087 18.172625 -0.287689
v -15.073229 18.172625 -0.098170
v -14.872234 18.172625 -0.297171
v -15.063748 18.172625 -0.036318
v -14.810481 18.172625 -0.287075
v -15.035618 18.172625 0.019578
v -14.754869 18.172625 -0.258389
v -14.991593 18.172625 0.064041
v -14.710844 18.172625 -0.213922
v -14.935982 18.172625 0.092729
v -14.682716 18.172625 -0.158027
v -14.874228 18.172625 0.102824
v -14.673234 18.172625 -0.096176
v -14.812377 18.172625 0.093344
v -14.683330 18.172625 -0.034422
v -14.756482 18.172625 0.065213
v -14.712016 18.172625 0.021188
v -14.989983 20.128391 -0.259559
v -15.034447 20.128391 -0.215535
v -14.873231 20.128391 -0.097173
v -15.063133 20.128391 -0.159922
v -14.934087 20.128391 -0.287689
v -15.073229 20.128391 -0.098170
v -14.872234 20.128391 -0.297171
v -15.063748 20.128391 -0.036318
v -14.810481 20.128391 -0.287075
v -15.035618 20.128391 0.019578
v -14.754869 20.128391 -0.258389
v -14.991593 20.128391 0.064041
v -14.710844 20.128391 -0.213922
v -14.935982 20.128391 0.092729
v -14.682716 20.128391 -0.158027
v -14.874228 20.128391 0.102824
v -14.673234 20.128391 -0.096176
v -14.812377 20.128391 0.093344
v -14.683330 20.128391 -0.034422
v -14.756482 20.128391 0.065213
v -14.712016 20.128391 0.021188
v -12.915242 14.480178 -0.255264
v -12.915242 18.583244 -0.255264
v -12.895830 18.583244 0.001045
v -12.895830 14.480178 0.001045
v -8.705776 14.480178 -0.234292
v -8.686364 14.480178 0.022017
v -7.203379 20.690750 -0.226808
v -7.204656 20.690750 0.029398
v -8.686364 18.583244 0.022017
v -8.705776 18.583244 -0.234292
v -14.756482 5.616107 0.065213
v -14.712016 5.616107 0.021188
v -14.873231 5.616107 -0.097173
v -14.683330 5.616107 -0.034422
v -14.812377 5.616107 0.093344
v -14.673234 5.616107 -0.096176
v -14.874228 5.616107 0.102824
v -14.682716 5.616107 -0.158027
v -14.935982 5.616107 0.092729
v -14.710844 5.616107 -0.213922
v -14.991593 5.616107 0.064041
v -14.754869 5.616107 -0.258389
v -15.035618 5.616107 0.019578
v -14.810481 5.616107 -0.287075
v -15.063748 5.616107 -0.036318
v -14.872234 5.616107 -0.297171
v -15.073229 5.616107 -0.098170
v -14.934087 5.616107 -0.287689
v -15.063133 5.616107 -0.159922
v -14.989983 5.616107 -0.259559
v -15.034447 5.616107 -0.215535
v -14.712016 3.660339 0.021188
v -14.756482 3.660339 0.065213
v -14.873231 3.660339 -0.097173
v -14.683330 3.660339 -0.034422
v -14.812377 3.660339 0.093344
v -14.673234 3.660339 -0.096176
v -14.874228 3.660339 0.102824
v -14.682716 3.660339 -0.158027
v -14.935982 3.660339 0.092729
v -14.710844 3.660339 -0.213922
v -14.991593 3.660339 0.064041
v -14.754869 3.660339 -0.258389
v -15.035618 3.660339 0.019578
v -14.810481 3.660339 -0.287075
v -15.063748 3.660339 -0.036318
v -14.872234 3.660339 -0.297171
v -15.073229 3.660339 -0.098170
v -14.934087 3.660339 -0.287689
v -15.063133 3.660339 -0.159922
v -14.989983 3.660339 -0.259559
v -15.034447 3.660339 -0.215535
vt 0.648603 0.107966
vt 0.626409 0.064408
vt 0.591842 0.029841
vt 0.548284 0.007647
vt 0.500000 -0.000000
vt 0.451716 0.007647
vt 0.408159 0.029841
vt 0.373591 0.064409
vt 0.351397 0.107966
vt 0.343750 0.156250
vt 0.351397 0.204534
vt 0.373591 0.248091
vt 0.408159 0.282659
vt 0.451716 0.304853
vt 0.500000 0.312500
vt 0.548284 0.304853
vt 0.591841 0.282659
vt 0.626409 0.248091
vt 0.648603 0.204534
vt 0.656250 0.156250
vt 0.375000 0.312500
vt 0.387500 0.312500
vt 0.400000 0.312500
vt 0.412500 0.312500
vt 0.425000 0.312500
vt 0.437500 0.312500
vt 0.450000 0.312500
vt 0.462500 0.312500
vt 0.475000 0.312500
vt 0.487500 0.312500
vt 0.500000 0.312500
vt 0.512500 0.312500
vt 0.525000 0.312500
vt 0.537500 0.312500
vt 0.550000 0.312500
vt 0.562500 0.312500
vt 0.575000 0.312500
vt 0.587500 0.312500
vt 0.600000 0.312500
vt 0.612500 0.312500
vt 0.625000 0.312500
vt 0.375000 0.688440
vt 0.387500 0.688440
vt 0.400000 0.688440
vt 0.412500 0.688440
vt 0.425000 0.688440
vt 0.437500 0.688440
vt 0.450000 0.688440
vt 0.462500 0.688440
vt 0.475000 0.688440
vt 0.487500 0.688440
vt 0.500000 0.688440
vt 0.512500 0.688440
vt 0.525000 0.688440
vt 0.537500 0.688440
vt 0.550000 0.688440
vt 0.562500 0.688440
vt 0.575000 0.688440
vt 0.587500 0.688440
vt 0.600000 0.688440
vt 0.612500 0.688440
vt 0.625000 0.688440
vt 0.648603 0.795466
vt 0.626409 0.751908
vt 0.591842 0.717341
vt 0.548284 0.695147
vt 0.500000 0.687500
vt 0.451716 0.695147
vt 0.408159 0.717341
vt 0.373591 0.751909
vt 0.351397 0.795466
vt 0.343750 0.843750
vt 0.351397 0.892034
vt 0.373591 0.935591
vt 0.408159 0.970159
vt 0.451716 0.992353
vt 0.500000 1.000000
vt 0.548284 0.992353
vt 0.591841 0.970159
vt 0.626409 0.935591
vt 0.648603 0.892034
vt 0.656250 0.843750
vt 0.500000 0.150000
vt 0.500000 0.837500
vt 0.475000 0.654431
vt 0.462500 0.654431
vt 0.450000 0.654431
vt 0.437500 0.654431
vt 0.425000 0.654431
vt 0.412500 0.654431
vt 0.400000 0.654431
vt 0.387500 0.654431
vt 0.625000 0.654431
vt 0.375000 0.654431
vt 0.612500 0.654431
vt 0.600000 0.654431
vt 0.587500 0.654431
vt 0.575000 0.654431
vt 0.562500 0.654431
vt 0.550000 0.654431
vt 0.537500 0.654431
vt 0.525000 0.654431
vt 0.512500 0.654431
vt 0.500000 0.654431
vt 0.487500 0.654431
vt 0.462500 0.654431
vt 0.475000 0.654431
vt 0.475000 0.688440
vt 0.462500 0.688440
vt 0.450000 0.654431
vt 0.450000 0.688440
vt 0.437500 0.654431
vt 0.437500 0.688440
vt 0.425000 0.654431
vt 0.425000 0.688440
vt 0.412500 0.654431
vt 0.412500 0.688440
vt 0.400000 0.654431
vt 0.400000 0.688440
vt 0.387500 0.654431
vt 0.387500 0.688440
vt 0.375000 0.654431
vt 0.375000 0.688440
vt 0.612500 0.654431
vt 0.625000 0.654431
vt 0.625000 0.688440
vt 0.612500 0.688440
vt 0.600000 0.654431
vt 0.600000 0.688440
vt 0.587500 0.654431
vt 0.587500 0.688440
vt 0.575000 0.654431
vt 0.575000 0.688440
vt 0.562500 0.654431
vt 0.562500 0.688440
vt 0.550000 0.654431
vt 0.550000 0.688440
vt 0.537500 0.654431
vt 0.537500 0.688440
vt 0.525000 0.654431
vt 0.525000 0.688440
vt 0.512500 0.654431
vt 0.512500 0.688440
vt 0.500000 0.654431
vt 0.500000 0.688440
vt 0.487500 0.654431
vt 0.487500 0.688440
vt 0.462500 0.404159
vt 0.450000 0.404159
vt 0.437500 0.404159
vt 0.425000 0.404159
vt 0.412500 0.404159
vt 0.400000 0.404159
vt 0.387500 0.404159
vt 0.625000 0.404159
vt 0.375000 0.404159
vt 0.612500 0.404159
vt 0.600000 0.404159
vt 0.587500 0.404159
vt 0.575000 0.404159
vt 0.562500 0.404159
vt 0.550000 0.404159
vt 0.537500 0.404159
vt 0.525000 0.404159
vt 0.512500 0.404159
vt 0.500000 0.404159
vt 0.487500 0.404159
vt 0.475000 0.404159
vt 0.462500 0.429861
vt 0.450000 0.429861
vt 0.437500 0.429861
vt 0.425000 0.429861
vt 0.412500 0.429861
vt 0.400000 0.429861
vt 0.387500 0.429861
vt 0.625000 0.429861
vt 0.375000 0.429861
vt 0.612500 0.429861
vt 0.600000 0.429861
vt 0.587500 0.429861
vt 0.575000 0.429861
vt 0.562500 0.429861
vt 0.550000 0.429861
vt 0.537500 0.429861
vt 0.525000 0.429861
vt 0.512500 0.429861
vt 0.500000 0.429861
vt 0.487500 0.429861
vt 0.475000 0.429861
vt 0.450000 0.404159
vt 0.462500 0.404159
vt 0.462500 0.429861
vt 0.450000 0.429861
vt 0.437500 0.404159
vt 0.437500 0.429861
vt 0.425000 0.404159
vt 0.425000 0.429861
vt 0.412500 0.404159
vt 0.412500 0.429861
vt 0.400000 0.404159
vt 0.400000 0.429861
vt 0.387500 0.404159
vt 0.387500 0.429861
vt 0.375000 0.404159
vt 0.375000 0.429861
vt 0.612500 0.404159
vt 0.625000 0.404159
vt 0.625000 0.429861
vt 0.612500 0.429861
vt 0.600000 0.404159
vt 0.600000 0.429861
vt 0.587500 0.404159
vt 0.587500 0.429861
vt 0.575000 0.404159
vt 0.575000 0.429861
vt 0.562500 0.404159
vt 0.562500 0.429861
vt 0.550000 0.404159
vt 0.550000 0.429861
vt 0.537500 0.404159
vt 0.537500 0.429861
vt 0.525000 0.404159
vt 0.525000 0.429861
vt 0.512500 0.404159
vt 0.512500 0.429861
vt 0.500000 0.404159
vt 0.500000 0.429861
vt 0.487500 0.404159
vt 0.487500 0.429861
vt 0.475000 0.404159
vt 0.475000 0.429861
vt 0.462500 0.518212
vt 0.450000 0.518212
vt 0.437500 0.518212
vt 0.425000 0.518212
vt 0.412500 0.518212
vt 0.400000 0.518212
vt 0.387500 0.518212
vt 0.625000 0.518212
vt 0.375000 0.518212
vt 0.612500 0.518212
vt 0.600000 0.518212
vt 0.587500 0.518212
vt 0.575000 0.518212
vt 0.562500 0.518212
vt 0.550000 0.518212
vt 0.537500 0.518212
vt 0.525000 0.518212
vt 0.512500 0.518212
vt 0.500000 0.518212
vt 0.487500 0.518212
vt 0.475000 0.518212
vt 0.462500 0.527938
vt 0.450000 0.527938
vt 0.437500 0.527938
vt 0.425000 0.527938
vt 0.412500 0.527938
vt 0.400000 0.527938
vt 0.387500 0.527938
vt 0.625000 0.527938
vt 0.375000 0.527938
vt 0.612500 0.527938
vt 0.600000 0.527938
vt 0.587500 0.527938
vt 0.575000 0.527938
vt 0.562500 0.527938
vt 0.550000 0.527938
vt 0.537500 0.527938
vt 0.525000 0.527938
vt 0.512500 0.527938
vt 0.500000 0.527938
vt 0.487500 0.527938
vt 0.475000 0.527938
vt 0.450000 0.518212
vt 0.462500 0.518212
vt 0.462500 0.527938
vt 0.450000 0.527938
vt 0.437500 0.518212
vt 0.437500 0.527938
vt 0.425000 0.518212
vt 0.425000 0.527938
vt 0.412500 0.518212
vt 0.412500 0.527938
vt 0.400000 0.518212
vt 0.400000 0.527938
vt 0.387500 0.518212
vt 0.387500 0.527938
vt 0.375000 0.518212
vt 0.375000 0.527938
vt 0.612500 0.518212
vt 0.625000 0.518212
vt 0.625000 0.527938
vt 0.612500 0.527938
vt 0.600000 0.518212
vt 0.600000 0.527938
vt 0.587500 0.518212
vt 0.587500 0.527938
vt 0.575000 0.518212
vt 0.575000 0.527938
vt 0.562500 0.518212
vt 0.562500 0.527938
vt 0.550000 0.518212
vt 0.550000 0.527938
vt 0.537500 0.518212
vt 0.537500 0.527938
vt 0.525000 0.518212
vt 0.525000 0.527938
vt 0.512500 0.518212
vt 0.512500 0.527938
vt 0.500000 0.518212
vt 0.500000 0.527938
vt 0.487500 0.518212
vt 0.487500 0.527938
vt 0.475000 0.518212
vt 0.475000 0.527938
vt 0.375000 0.000000
vt 0.625000 0.000000
vt 0.625000 0.250000
vt 0.375000 0.250000
vt 0.625000 0.500000
vt 0.375000 0.500000
vt 0.625000 0.750000
vt 0.375000 0.750000
vt 0.625000 1.000000
vt 0.375000 1.000000
vt 0.875000 0.000000
vt 0.875000 0.250000
vt 0.125000 0.000000
vt 0.125000 0.250000
vt 0.375000 0.750000
vt 0.625000 0.750000
vt 0.625000 1.000000
vt 0.375000 1.000000
vt 0.373591 0.064409
vt 0.408159 0.029841
vt 0.500000 0.150000
vt 0.351397 0.107966
vt 0.451716 0.007647
vt 0.343750 0.156250
vt 0.500000 -0.000000
vt 0.351397 0.204534
vt 0.548284 0.007647
vt 0.373591 0.248091
vt 0.591842 0.029841
vt 0.408159 0.282659
vt 0.626409 0.064408
vt 0.451716 0.304853
vt 0.648603 0.107966
vt 0.500000 0.312500
vt 0.656250 0.156250
vt 0.548284 0.304853
vt 0.648603 0.204534
vt 0.591841 0.282659
vt 0.626409 0.248091
vt 0.408159 0.970159
vt 0.373591 0.935591
vt 0.500000 0.837500
vt 0.351397 0.892034
vt 0.451716 0.992353
vt 0.343750 0.843750
vt 0.500000 1.000000
vt 0.351397 0.795466
vt 0.548284 0.992353
vt 0.373591 0.751909
vt 0.591841 0.970159
vt 0.408159 0.717341
vt 0.626409 0.935591
vt 0.451716 0.695147
vt 0.648603 0.892034
vt 0.500000 0.687500
vt 0.656250 0.843750
vt 0.548284 0.695147
vt 0.648603 0.795466
vt 0.591842 0.717341
vt 0.626409 0.751908
vt 0.450000 0.312500
vt 0.462500 0.312500
vt 0.462500 0.688440
vt 0.450000 0.688440
vt 0.475000 0.312500
vt 0.475000 0.688440
vt 0.437500 0.312500
vt 0.437500 0.688440
vt 0.487500 0.312500
vt 0.487500 0.688440
vt 0.425000 0.312500
vt 0.425000 0.688440
vt 0.125000 0.000000
vt 0.375000 0.000000
vt 0.375000 0.250000
vt 0.125000 0.250000
vt 0.500000 0.312500
vt 0.500000 0.688440
vt 0.412500 0.312500
vt 0.412500 0.688440
vt 0.512500 0.312500
vt 0.512500 0.688440
vt 0.400000 0.312500
vt 0.400000 0.688440
vt 0.525000 0.312500
vt 0.525000 0.688440
vt 0.387500 0.312500
vt 0.387500 0.688440
vt 0.537500 0.312500
vt 0.537500 0.688440
vt 0.375000 0.312500
vt 0.375000 0.688440
vt 0.550000 0.312500
vt 0.550000 0.688440
vt 0.612500 0.312500
vt 0.625000 0.312500
vt 0.625000 0.688440
vt 0.612500 0.688440
vt 0.562500 0.312500
vt 0.562500 0.688440
vt 0.600000 0.312500
vt 0.600000 0.688440
vt 0.575000 0.312500
vt 0.575000 0.688440
vt 0.587500 0.312500
vt 0.587500 0.688440
vt 0.373591 0.064409
vt 0.408159 0.029841
vt 0.500000 0.150000
vt 0.351397 0.107966
vt 0.451716 0.007647
vt 0.343750 0.156250
vt 0.500000 -0.000000
vt 0.351397 0.204534
vt 0.548284 0.007647
vt 0.373591 0.248091
vt 0.591842 0.029841
vt 0.408159 0.282659
vt 0.626409 0.064408
vt 0.451716 0.304853
vt 0.648603 0.107966
vt 0.500000 0.312500
vt 0.656250 0.156250
vt 0.548284 0.304853
vt 0.648603 0.204534
vt 0.591841 0.282659
vt 0.626409 0.248091
vt 0.408159 0.970159
vt 0.373591 0.935591
vt 0.500000 0.837500
vt 0.351397 0.892034
vt 0.451716 0.992353
vt 0.343750 0.843750
vt 0.500000 1.000000
vt 0.351397 0.795466
vt 0.548284 0.992353
vt 0.373591 0.751909
vt 0.591841 0.970159
vt 0.408159 0.717341
vt 0.626409 0.935591
vt 0.451716 0.695147
vt 0.648603 0.892034
vt 0.500000 0.687500
vt 0.656250 0.843750
vt 0.548284 0.695147
vt 0.648603 0.795466
vt 0.591842 0.717341
vt 0.626409 0.751908
vt 0.180679 0.000000
vt 0.180679 0.250000
vt 0.215157 0.250000
vt 0.215157 0.000000
vt 0.625000 0.851124
vt 0.375000 0.805679
vt 0.375000 0.840157
vt 0.625000 0.885603
vt 0.450000 0.312500
vt 0.462500 0.312500
vt 0.462500 0.688440
vt 0.450000 0.688440
vt 0.475000 0.312500
vt 0.475000 0.688440
vt 0.437500 0.312500
vt 0.437500 0.688440
vt 0.487500 0.312500
vt 0.487500 0.688440
vt 0.425000 0.312500
vt 0.425000 0.688440
vt 0.500000 0.312500
vt 0.500000 0.688440
vt 0.412500 0.312500
vt 0.412500 0.688440
vt 0.512500 0.312500
vt 0.512500 0.688440
vt 0.400000 0.312500
vt 0.400000 0.688440
vt 0.525000 0.312500
vt 0.525000 0.688440
vt 0.387500 0.312500
vt 0.387500 0.688440
vt 0.537500 0.312500
vt 0.537500 0.688440
vt 0.375000 0.312500
vt 0.375000 0.688440
vt 0.550000 0.312500
vt 0.550000 0.688440
vt 0.612500 0.312500
vt 0.625000 0.312500
vt 0.625000 0.688440
vt 0.612500 0.688440
vt 0.562500 0.312500
vt 0.562500 0.688440
vt 0.600000 0.312500
vt 0.600000 0.688440
vt 0.575000 0.312500
vt 0.575000 0.688440
vt 0.587500 0.312500
vt 0.587500 0.688440
vt 0.625000 0.000000
vt 0.875000 0.000000
vt 0.875000 0.250000
vt 0.625000 0.250000
vt 0.625000 0.364397
vt 0.375000 0.409843
vt 0.375000 0.444321
vt 0.625000 0.398876
vt 0.739397 0.000000
vt 0.739397 0.250000
vt 0.773876 0.250000
vt 0.773876 0.000000
vt 0.625000 0.500000
vt 0.375000 0.500000
vt 0.433906 0.588395
vt 0.574736 0.588395
vt 0.574736 0.529996
vt 0.575428 0.220004
vt 0.575428 0.161605
vt 0.434598 0.161605
vt 0.434598 0.220004
vt 0.433906 0.529996
vt 0.591842 0.717341
vt 0.626409 0.751908
vt 0.500000 0.837500
vt 0.648603 0.795466
vt 0.548284 0.695147
vt 0.656250 0.843750
vt 0.500000 0.687500
vt 0.648603 0.892034
vt 0.451716 0.695147
vt 0.626409 0.935591
vt 0.408159 0.717341
vt 0.591841 0.970159
vt 0.373591 0.751909
vt 0.548284 0.992353
vt 0.351397 0.795466
vt 0.500000 1.000000
vt 0.343750 0.843750
vt 0.451716 0.992353
vt 0.351397 0.892034
vt 0.408159 0.970159
vt 0.373591 0.935591
vt 0.626409 0.248091
vt 0.591841 0.282659
vt 0.500000 0.150000
vt 0.648603 0.204534
vt 0.548284 0.304853
vt 0.656250 0.156250
vt 0.500000 0.312500
vt 0.648603 0.107966
vt 0.451716 0.304853
vt 0.626409 0.064408
vt 0.408159 0.282659
vt 0.591842 0.029841
vt 0.373591 0.248091
vt 0.548284 0.007647
vt 0.351397 0.204534
vt 0.500000 -0.000000
vt 0.343750 0.156250
vt 0.451716 0.007647
vt 0.575000 0.312500
vt 0.587500 0.312500
vt 0.587500 0.688440
vt 0.575000 0.688440
vt 0.600000 0.312500
vt 0.600000 0.688440
vt 0.351397 0.107966
vt 0.408159 0.029841
vt 0.562500 0.312500
vt 0.562500 0.688440
vt 0.373591 0.064409
vt 0.612500 0.312500
vt 0.612500 0.688440
vt 0.550000 0.312500
vt 0.550000 0.688440
vt 0.625000 0.312500
vt 0.625000 0.688440
vt 0.537500 0.312500
vt 0.537500 0.688440
vt 0.375000 0.312500
vt 0.387500 0.312500
vt 0.387500 0.688440
vt 0.375000 0.688440
vt 0.525000 0.312500
vt 0.525000 0.688440
vt 0.400000 0.312500
vt 0.400000 0.688440
vt 0.512500 0.312500
vt 0.512500 0.688440
vt 0.412500 0.312500
vt 0.412500 0.688440
vt 0.500000 0.312500
vt 0.500000 0.688440
vt 0.425000 0.312500
vt 0.425000 0.688440
vt 0.487500 0.312500
vt 0.487500 0.688440
vt 0.437500 0.312500
vt 0.437500 0.688440
vt 0.475000 0.312500
vt 0.475000 0.688440
vt 0.450000 0.312500
vt 0.450000 0.688440
vt 0.462500 0.312500
vt 0.462500 0.688440
vn 0.949035 0.308870 -0.062709
vn 0.808068 0.587499 -0.043260
vn 0.808067 0.587500 -0.043260
vn 0.949035 0.308869 -0.062709
vn 0.588006 0.808620 -0.019573
vn 0.588007 0.808619 -0.019573
vn 0.310379 0.950594 0.006028
vn 0.310379 0.950594 0.006028
vn 0.002366 0.999515 0.031037
vn 0.002366 0.999516 0.031037
vn -0.305877 0.950594 0.053013
vn -0.305877 0.950594 0.053013
vn -0.584181 0.808617 0.069798
vn -0.584181 0.808617 0.069798
vn -0.805289 0.587495 0.079747
vn -0.805288 0.587496 0.079747
vn -0.947572 0.308870 0.081893
vn -0.947572 0.308869 0.081893
vn -0.997106 0.000006 0.076022
vn -0.997106 0.000007 0.076022
vn -0.949038 -0.308861 0.062708
vn -0.949038 -0.308861 0.062708
vn -0.808073 -0.587491 0.043258
vn -0.808073 -0.587492 0.043257
vn -0.587997 -0.808627 0.019572
vn -0.587997 -0.808626 0.019572
vn -0.310358 -0.950601 -0.006034
vn -0.310358 -0.950601 -0.006034
vn -0.002367 -0.999515 -0.031047
vn -0.002367 -0.999515 -0.031047
vn 0.305855 -0.950601 -0.053015
vn 0.305855 -0.950601 -0.053015
vn 0.584165 -0.808628 -0.069795
vn 0.584166 -0.808628 -0.069795
vn 0.805291 -0.587492 -0.079748
vn 0.805290 -0.587493 -0.079748
vn 0.947575 -0.308861 -0.081894
vn 0.947575 -0.308862 -0.081894
vn 0.997106 -0.000000 -0.076022
vn 0.997106 0.000000 -0.076022
vn -0.075984 0.031129 -0.996623
vn -0.075985 0.031130 -0.996623
vn -0.075985 0.031130 -0.996623
vn -0.075985 0.031128 -0.996623
vn -0.075988 0.031130 -0.996623
vn -0.075985 0.031131 -0.996623
vn -0.075982 0.031130 -0.996623
vn -0.075985 0.031129 -0.996623
vn -0.075986 0.031129 -0.996623
vn -0.075985 0.031129 -0.996623
vn -0.075985 0.031131 -0.996623
vn -0.075984 0.031131 -0.996623
vn -0.075984 0.031130 -0.996623
vn -0.075984 0.031130 -0.996623
vn -0.075985 0.031130 -0.996623
vn -0.075985 0.031130 -0.996623
vn -0.075985 0.031130 -0.996623
vn -0.075986 0.031130 -0.996623
vn -0.075986 0.031129 -0.996623
vn -0.075985 0.031131 -0.996623
vn -0.075985 0.031131 -0.996623
vn 0.075986 -0.031131 0.996623
vn 0.075984 -0.031131 0.996623
vn 0.075985 -0.031131 0.996623
vn 0.075984 -0.031130 0.996623
vn 0.075984 -0.031129 0.996623
vn 0.075983 -0.031128 0.996623
vn 0.075982 -0.031127 0.996623
vn 0.075983 -0.031127 0.996623
vn 0.075984 -0.031127 0.996623
vn 0.075984 -0.031129 0.996623
vn 0.075984 -0.031131 0.996623
vn 0.075984 -0.031129 0.996623
vn 0.075984 -0.031125 0.996623
vn 0.075989 -0.031127 0.996623
vn 0.075990 -0.031130 0.996623
vn 0.075983 -0.031129 0.996623
vn 0.075981 -0.031128 0.996623
vn 0.075983 -0.031126 0.996623
vn 0.075986 -0.031126 0.996623
vn 0.075986 -0.031129 0.996623
vn 0.075986 -0.031131 0.996623
vn -0.805285 0.587499 0.079759
vn -0.947570 0.308873 0.081902
vn -0.947571 0.308870 0.081902
vn -0.805285 0.587498 0.079759
vn -0.584156 0.808634 0.069807
vn -0.584163 0.808629 0.069808
vn -0.305858 0.950599 0.053023
vn -0.305865 0.950597 0.053023
vn 0.002368 0.999515 0.031035
vn 0.002367 0.999516 0.031035
vn 0.310374 0.950595 0.006020
vn 0.310370 0.950597 0.006021
vn 0.587987 0.808633 -0.019578
vn 0.587993 0.808629 -0.019578
vn 0.808060 0.587509 -0.043260
vn 0.808063 0.587506 -0.043260
vn 0.949037 0.308863 -0.062705
vn 0.949038 0.308861 -0.062706
vn 0.997106 0.000004 -0.076022
vn 0.997106 0.000001 -0.076022
vn 0.947574 -0.308866 -0.081892
vn 0.947574 -0.308866 -0.081892
vn 0.805287 -0.587499 -0.079739
vn 0.805285 -0.587502 -0.079739
vn 0.584179 -0.808619 -0.069784
vn 0.584175 -0.808622 -0.069783
vn 0.305878 -0.950594 -0.052998
vn 0.305885 -0.950592 -0.052999
vn -0.002369 -0.999516 -0.031024
vn -0.002370 -0.999516 -0.031024
vn -0.310377 -0.950595 -0.006010
vn -0.310383 -0.950593 -0.006009
vn -0.588000 -0.808623 0.019592
vn -0.588007 -0.808618 0.019593
vn -0.808069 -0.587496 0.043266
vn -0.808069 -0.587497 0.043266
vn -0.949035 -0.308868 0.062707
vn -0.949034 -0.308872 0.062707
vn -0.997106 0.000005 0.076021
vn -0.997106 -0.000000 0.076021
vn -0.075984 0.031127 -0.996623
vn -0.075984 0.031129 -0.996623
vn -0.075984 0.031129 -0.996623
vn -0.075984 0.031127 -0.996623
vn 0.075983 -0.031127 0.996623
vn 0.075983 -0.031129 0.996623
vn -0.075985 0.031123 -0.996623
vn -0.075985 0.031123 -0.996623
vn 0.075983 -0.031125 0.996623
vn -0.075981 0.031125 -0.996623
vn -0.075981 0.031125 -0.996623
vn 0.075981 -0.031126 0.996623
vn -0.075981 0.031129 -0.996623
vn -0.075981 0.031129 -0.996623
vn 0.075982 -0.031128 0.996623
vn -0.075986 0.031130 -0.996623
vn -0.075986 0.031130 -0.996623
vn 0.075984 -0.031129 0.996623
vn -0.075985 0.031128 -0.996623
vn -0.075985 0.031128 -0.996623
vn 0.075983 -0.031129 0.996623
vn -0.075985 0.031130 -0.996623
vn -0.075985 0.031130 -0.996623
vn 0.075985 -0.031131 0.996623
vn -0.075986 0.031131 -0.996623
vn -0.075986 0.031131 -0.996623
vn 0.075987 -0.031131 0.996623
vn -0.075986 0.031129 -0.996623
vn -0.075986 0.031129 -0.996623
vn 0.075986 -0.031131 0.996623
vn -0.075985 0.031127 -0.996623
vn -0.075985 0.031127 -0.996623
vn 0.075986 -0.031128 0.996623
vn -0.075984 0.031126 -0.996623
vn -0.075984 0.031126 -0.996623
vn 0.075986 -0.031125 0.996623
vn -0.075984 0.031124 -0.996623
vn -0.075984 0.031124 -0.996623
vn 0.075983 -0.031125 0.996623
vn -0.075981 0.031125 -0.996623
vn -0.075981 0.031125 -0.996623
vn 0.075979 -0.031127 0.996623
vn -0.075982 0.031127 -0.996623
vn -0.075982 0.031127 -0.996623
vn 0.075983 -0.031129 0.996623
vn -0.075988 0.031128 -0.996623
vn -0.075988 0.031128 -0.996623
vn 0.075991 -0.031130 0.996623
vn -0.075989 0.031126 -0.996623
vn -0.075989 0.031126 -0.996623
vn 0.075990 -0.031126 0.996623
vn -0.075986 0.031126 -0.996623
vn -0.075986 0.031126 -0.996623
vn 0.075984 -0.031124 0.996623
vn -0.075986 0.031128 -0.996623
vn -0.075986 0.031128 -0.996623
vn 0.075984 -0.031128 0.996623
vn -0.075985 0.031128 -0.996623
vn -0.075985 0.031128 -0.996623
vn 0.075984 -0.031130 0.996623
vn -0.584170 0.808625 0.069803
vn -0.805291 0.587492 0.079749
vn -0.805294 0.587487 0.079749
vn -0.584174 0.808621 0.069803
vn -0.305863 0.950598 0.053020
vn -0.305859 0.950599 0.053020
vn 0.002368 0.999515 0.031044
vn 0.002366 0.999515 0.031044
vn 0.310364 0.950598 0.006038
vn 0.310364 0.950599 0.006038
vn 0.587999 0.808625 -0.019563
vn 0.587995 0.808628 -0.019562
vn 0.808075 0.587490 -0.043249
vn 0.808072 0.587494 -0.043249
vn 0.949039 0.308861 -0.062699
vn 0.949038 0.308863 -0.062699
vn 0.997107 -0.000003 -0.076017
vn 0.997107 -0.000005 -0.076017
vn 0.947574 -0.308866 -0.081892
vn 0.947572 -0.308870 -0.081892
vn 0.805284 -0.587502 -0.079749
vn 0.805281 -0.587505 -0.079749
vn 0.584168 -0.808627 -0.069792
vn 0.584172 -0.808623 -0.069792
vn 0.305858 -0.950600 -0.053014
vn 0.305854 -0.950601 -0.053014
vn -0.002363 -0.999515 -0.031052
vn -0.002356 -0.999515 -0.031052
vn -0.310351 -0.950603 -0.006043
vn -0.310353 -0.950602 -0.006043
vn -0.587992 -0.808630 0.019564
vn -0.587997 -0.808626 0.019564
vn -0.808069 -0.587498 0.043260
vn -0.808072 -0.587493 0.043260
vn -0.949036 -0.308864 0.062716
vn -0.949033 -0.308874 0.062716
vn -0.997106 -0.000000 0.076030
vn -0.997106 0.000000 0.076030
vn -0.947571 0.308872 0.081894
vn -0.947574 0.308864 0.081894
vn -0.584169 0.808625 0.069795
vn -0.805287 0.587497 0.079749
vn -0.805287 0.587497 0.079749
vn -0.584169 0.808625 0.069795
vn -0.305858 0.950600 0.053009
vn -0.305858 0.950600 0.053009
vn 0.002366 0.999515 0.031038
vn 0.002366 0.999515 0.031038
vn 0.310364 0.950599 0.006025
vn 0.310364 0.950599 0.006025
vn 0.587994 0.808628 -0.019573
vn 0.587994 0.808628 -0.019573
vn 0.808070 0.587497 -0.043257
vn 0.808069 0.587497 -0.043257
vn 0.949038 0.308860 -0.062709
vn 0.949038 0.308860 -0.062709
vn 0.997106 0.000000 -0.076022
vn 0.997106 0.000000 -0.076022
vn 0.947576 -0.308858 -0.081893
vn 0.947576 -0.308859 -0.081893
vn 0.805286 -0.587499 -0.079746
vn 0.805287 -0.587498 -0.079746
vn 0.584159 -0.808633 -0.069793
vn 0.584159 -0.808633 -0.069793
vn 0.305860 -0.950600 -0.053011
vn 0.305860 -0.950600 -0.053011
vn -0.002366 -0.999515 -0.031040
vn -0.002366 -0.999515 -0.031040
vn -0.310362 -0.950599 -0.006029
vn -0.310362 -0.950599 -0.006029
vn -0.587990 -0.808631 0.019573
vn -0.587990 -0.808631 0.019573
vn -0.808072 -0.587494 0.043259
vn -0.808072 -0.587493 0.043259
vn -0.949037 -0.308864 0.062709
vn -0.949036 -0.308865 0.062709
vn -0.997106 -0.000000 0.076022
vn -0.997106 -0.000000 0.076022
vn -0.947571 0.308873 0.081892
vn -0.947571 0.308873 0.081892
vn -0.075985 0.031131 -0.996623
vn -0.075984 0.031130 -0.996623
vn -0.075984 0.031130 -0.996623
vn -0.075985 0.031131 -0.996623
vn 0.075984 -0.031130 0.996623
vn 0.075984 -0.031131 0.996623
vn 0.075984 -0.031131 0.996623
vn 0.075984 -0.031130 0.996623
vn -0.075983 0.031135 -0.996623
vn -0.075983 0.031135 -0.996623
vn 0.075983 -0.031134 0.996623
vn 0.075983 -0.031134 0.996623
vn -0.075985 0.031137 -0.996623
vn -0.075985 0.031137 -0.996623
vn 0.075985 -0.031136 0.996623
vn 0.075985 -0.031136 0.996623
vn -0.075984 0.031135 -0.996623
vn -0.075984 0.031135 -0.996623
vn 0.075984 -0.031134 0.996623
vn 0.075984 -0.031134 0.996623
vn -0.075981 0.031134 -0.996623
vn -0.075981 0.031134 -0.996623
vn 0.075981 -0.031134 0.996623
vn 0.075981 -0.031134 0.996623
vn -0.075983 0.031134 -0.996623
vn -0.075983 0.031134 -0.996623
vn 0.075983 -0.031135 0.996623
vn 0.075983 -0.031135 0.996623
vn -0.075985 0.031132 -0.996623
vn -0.075985 0.031132 -0.996623
vn 0.075985 -0.031133 0.996623
vn 0.075985 -0.031133 0.996623
vn -0.075985 0.031130 -0.996623
vn -0.075985 0.031130 -0.996623
vn 0.075984 -0.031130 0.996623
vn 0.075984 -0.031130 0.996623
vn -0.075985 0.031128 -0.996623
vn -0.075985 0.031128 -0.996623
vn 0.075983 -0.031127 0.996623
vn 0.075983 -0.031127 0.996623
vn -0.075982 0.031128 -0.996623
vn -0.075982 0.031128 -0.996623
vn 0.075981 -0.031128 0.996623
vn 0.075981 -0.031128 0.996623
vn -0.075981 0.031134 -0.996623
vn -0.075981 0.031134 -0.996623
vn 0.075981 -0.031135 0.996623
vn 0.075981 -0.031135 0.996623
vn -0.075985 0.031138 -0.996623
vn -0.075985 0.031138 -0.996623
vn 0.075986 -0.031138 0.996623
vn 0.075986 -0.031138 0.996623
vn -0.075985 0.031139 -0.996623
vn -0.075985 0.031139 -0.996623
vn 0.075985 -0.031138 0.996623
vn 0.075985 -0.031138 0.996623
vn -0.075984 0.031138 -0.996623
vn -0.075984 0.031138 -0.996623
vn 0.075984 -0.031138 0.996623
vn 0.075984 -0.031138 0.996623
vn -0.075988 0.031135 -0.996623
vn -0.075988 0.031135 -0.996623
vn 0.075989 -0.031135 0.996623
vn 0.075989 -0.031135 0.996623
vn -0.075988 0.031129 -0.996623
vn -0.075988 0.031129 -0.996623
vn 0.075989 -0.031128 0.996623
vn 0.075989 -0.031128 0.996623
vn -0.075986 0.031128 -0.996623
vn -0.075986 0.031128 -0.996623
vn 0.075987 -0.031128 0.996623
vn 0.075987 -0.031128 0.996623
vn -0.075985 0.031130 -0.996623
vn -0.075985 0.031130 -0.996623
vn 0.075986 -0.031130 0.996623
vn 0.075986 -0.031130 0.996623
vn -0.075985 0.031130 -0.996623
vn -0.075985 0.031130 -0.996623
vn 0.075985 -0.031130 0.996623
vn 0.075985 -0.031130 0.996623
vn -0.584183 0.808618 0.069766
vn -0.805295 0.587485 0.079761
vn -0.805280 0.587505 0.079760
vn -0.584168 0.808629 0.069765
vn -0.305867 0.950599 0.052978
vn -0.305859 0.950602 0.052977
vn 0.002369 0.999515 0.031042
vn 0.002359 0.999515 0.031043
vn 0.310359 0.950600 0.006037
vn 0.310370 0.950597 0.006036
vn 0.587997 0.808626 -0.019594
vn 0.587996 0.808626 -0.019594
vn 0.808068 0.587497 -0.043290
vn 0.808069 0.587496 -0.043290
vn 0.949034 0.308871 -0.062720
vn 0.949036 0.308863 -0.062720
vn 0.997107 0.000008 -0.076017
vn 0.997107 0.000019 -0.076016
vn 0.947570 -0.308876 -0.081896
vn 0.947577 -0.308853 -0.081896
vn 0.805283 -0.587503 -0.079747
vn 0.805282 -0.587505 -0.079747
vn 0.584169 -0.808626 -0.069794
vn 0.584158 -0.808634 -0.069793
vn 0.305864 -0.950599 -0.052996
vn 0.305862 -0.950600 -0.052996
vn -0.002362 -0.999515 -0.031040
vn -0.002381 -0.999515 -0.031039
vn -0.310376 -0.950595 -0.006060
vn -0.310353 -0.950602 -0.006062
vn -0.588005 -0.808621 0.019552
vn -0.588012 -0.808616 0.019553
vn -0.808065 -0.587505 0.043244
vn -0.808065 -0.587504 0.043244
vn -0.949037 -0.308866 0.062702
vn -0.949038 -0.308863 0.062702
vn -0.997106 0.000004 0.076027
vn -0.997106 -0.000004 0.076027
vn -0.947570 0.308870 0.081918
vn -0.947574 0.308857 0.081918
vn -0.584170 0.808624 0.069797
vn -0.805287 0.587497 0.079748
vn -0.805288 0.587497 0.079748
vn -0.584170 0.808624 0.069797
vn -0.305856 0.950601 0.053015
vn -0.305857 0.950601 0.053015
vn 0.002366 0.999515 0.031043
vn 0.002366 0.999515 0.031043
vn 0.310359 0.950600 0.006032
vn 0.310359 0.950600 0.006032
vn 0.587995 0.808628 -0.019572
vn 0.587994 0.808628 -0.019572
vn 0.808067 0.587500 -0.043259
vn 0.808067 0.587500 -0.043259
vn 0.949035 0.308868 -0.062709
vn 0.949035 0.308868 -0.062709
vn 0.997106 -0.000000 -0.076022
vn 0.997106 0.000000 -0.076022
vn 0.947574 -0.308864 -0.081892
vn 0.947574 -0.308865 -0.081892
vn 0.805278 -0.587510 -0.079746
vn 0.805279 -0.587509 -0.079746
vn 0.584166 -0.808628 -0.069795
vn 0.584166 -0.808628 -0.069795
vn 0.305874 -0.950595 -0.053012
vn 0.305874 -0.950595 -0.053012
vn -0.002366 -0.999515 -0.031039
vn -0.002366 -0.999515 -0.031039
vn -0.310376 -0.950595 -0.006028
vn -0.310376 -0.950595 -0.006028
vn -0.587999 -0.808625 0.019574
vn -0.587999 -0.808625 0.019574
vn -0.808063 -0.587506 0.043259
vn -0.808063 -0.587506 0.043259
vn -0.949037 -0.308864 0.062710
vn -0.949036 -0.308865 0.062710
vn -0.997106 -0.000000 0.076022
vn -0.997106 0.000000 0.076022
vn -0.947573 0.308868 0.081893
vn -0.947573 0.308868 0.081893
vn -0.075982 0.031120 -0.996624
vn -0.075982 0.031123 -0.996623
vn -0.075982 0.031123 -0.996623
vn -0.075982 0.031120 -0.996624
vn 0.075983 -0.031122 0.996623
vn 0.075981 -0.031119 0.996624
vn 0.075981 -0.031119 0.996624
vn 0.075983 -0.031122 0.996623
vn -0.075980 0.031119 -0.996624
vn -0.075980 0.031119 -0.996624
vn 0.075979 -0.031119 0.996624
vn 0.075979 -0.031119 0.996624
vn -0.075979 0.031124 -0.996624
vn -0.075979 0.031124 -0.996624
vn 0.075980 -0.031124 0.996624
vn 0.075980 -0.031124 0.996624
vn -0.075987 0.031128 -0.996623
vn -0.075987 0.031128 -0.996623
vn 0.075988 -0.031128 0.996623
vn 0.075988 -0.031128 0.996623
vn -0.075992 0.031125 -0.996623
vn -0.075992 0.031125 -0.996623
vn 0.075992 -0.031125 0.996623
vn 0.075992 -0.031125 0.996623
vn -0.075988 0.031123 -0.996623
vn -0.075988 0.031123 -0.996623
vn 0.075987 -0.031122 0.996623
vn 0.075987 -0.031122 0.996623
vn -0.075985 0.031128 -0.996623
vn -0.075985 0.031128 -0.996623
vn 0.075985 -0.031128 0.996623
vn 0.075985 -0.031128 0.996623
vn -0.075987 0.031132 -0.996623
vn -0.075987 0.031132 -0.996623
vn 0.075986 -0.031133 0.996623
vn 0.075986 -0.031133 0.996623
vn -0.075987 0.031127 -0.996623
vn -0.075987 0.031127 -0.996623
vn 0.075987 -0.031127 0.996623
vn 0.075987 -0.031127 0.996623
vn -0.075981 0.031135 -0.996623
vn -0.075981 0.031135 -0.996623
vn 0.075982 -0.031135 0.996623
vn 0.075982 -0.031135 0.996623
vn -0.075983 0.031153 -0.996622
vn -0.075983 0.031153 -0.996622
vn 0.075983 -0.031153 0.996622
vn 0.075983 -0.031153 0.996622
vn -0.075998 0.031154 -0.996621
vn -0.075998 0.031154 -0.996621
vn 0.075997 -0.031153 0.996621
vn 0.075997 -0.031153 0.996621
vn -0.075985 0.031150 -0.996622
vn -0.075985 0.031150 -0.996622
vn 0.075985 -0.031149 0.996622
vn 0.075985 -0.031149 0.996622
vn -0.075972 0.031154 -0.996623
vn -0.075972 0.031154 -0.996623
vn 0.075974 -0.031154 0.996623
vn 0.075974 -0.031154 0.996623
vn -0.075986 0.031153 -0.996622
vn -0.075986 0.031153 -0.996622
vn 0.075987 -0.031153 0.996622
vn 0.075987 -0.031153 0.996622
vn -0.075988 0.031135 -0.996623
vn -0.075988 0.031135 -0.996623
vn 0.075989 -0.031135 0.996623
vn 0.075989 -0.031135 0.996623
vn -0.075983 0.031127 -0.996623
vn -0.075983 0.031127 -0.996623
vn 0.075983 -0.031127 0.996623
vn 0.075983 -0.031127 0.996623
vn -0.075984 0.031132 -0.996623
vn -0.075984 0.031132 -0.996623
vn 0.075983 -0.031132 0.996623
vn 0.075983 -0.031132 0.996623
vn -0.075984 0.031129 -0.996623
vn -0.075984 0.031129 -0.996623
vn 0.075985 -0.031128 0.996623
vn 0.075985 -0.031128 0.996623
vn 0.011297 0.000000 0.999936
vn 0.011297 0.000000 0.999936
vn 0.011297 0.000000 0.999936
vn 0.011297 0.000000 0.999936
vn -0.000000 1.000000 -0.000000
vn -0.000000 1.000000 -0.000000
vn -0.000000 1.000000 -0.000000
vn -0.000000 1.000000 -0.000000
vn -0.011297 0.000000 -0.999936
vn -0.011297 0.000000 -0.999936
vn -0.011297 0.000000 -0.999936
vn -0.011297 0.000000 -0.999936
vn 0.000000 -1.000000 0.000001
vn 0.000000 -1.000000 0.000001
vn 0.000000 -1.000000 0.000001
vn 0.000000 -1.000000 0.000001
vn 0.999936 0.000000 -0.011294
vn 0.999936 0.000000 -0.011294
vn 0.999936 0.000000 -0.011294
vn 0.999936 0.000000 -0.011294
vn -0.999936 0.000000 0.011294
vn -0.999936 0.000000 0.011294
vn -0.999936 0.000000 0.011294
vn -0.999936 0.000000 0.011294
vn 0.000000 -1.000000 0.000000
vn 0.000000 -1.000000 0.000000
vn 0.000000 -1.000000 0.000000
vn 0.000000 -1.000000 0.000000
vn -0.000001 -1.000000 -0.000019
vn 0.000000 -1.000000 0.000000
vn 0.000000 -1.000000 0.000002
vn -0.000001 -1.000000 -0.000019
vn 0.000000 -1.000000 0.000000
vn 0.000001 -1.000000 0.000019
vn 0.000000 -1.000000 0.000001
vn 0.000001 -1.000000 0.000019
vn -0.000000 -1.000000 -0.000004
vn 0.000000 -1.000000 0.000000
vn 0.000000 -1.000000 0.000005
vn 0.000000 -1.000000 0.000000
vn 0.000001 -1.000000 0.000019
vn 0.000000 -1.000000 0.000000
vn -0.000001 -1.000000 -0.000010
vn 0.000000 -1.000000 0.000000
vn -0.000001 -1.000000 -0.000019
vn 0.000001 -1.000000 0.000010
vn 0.000001 -1.000000 0.000019
vn 0.000000 -1.000000 0.000000
vn 0.000001 -1.000000 0.000010
vn 0.000001 1.000000 0.000010
vn 0.000001 1.000000 0.000010
vn -0.000000 1.000000 -0.000001
vn 0.000001 1.000000 0.000019
vn -0.000000 1.000000 -0.000002
vn 0.000001 1.000000 0.000019
vn -0.000000 1.000000 -0.000002
vn -0.000001 1.000000 -0.000019
vn -0.000001 1.000000 -0.000010
vn -0.000001 1.000000 -0.000019
vn -0.000001 1.000000 -0.000010
vn 0.000001 1.000000 0.000010
vn 0.000001 1.000000 0.000019
vn 0.000001 1.000000 0.000010
vn 0.000001 1.000000 0.000019
vn -0.000000 1.000000 -0.000002
vn -0.000001 1.000000 -0.000019
vn 0.000000 1.000000 0.000002
vn -0.000001 1.000000 -0.000019
vn -0.000001 1.000000 -0.000014
vn -0.000001 1.000000 -0.000019
vn -0.583743 0.000000 -0.811939
vn -0.806086 0.000000 -0.591798
vn -0.806086 0.000000 -0.591798
vn -0.583743 0.000000 -0.811939
vn -0.949504 0.000000 -0.313754
vn -0.949504 0.000000 -0.313754
vn -0.304278 0.000000 -0.952583
vn -0.304278 0.000000 -0.952583
vn -0.999988 0.000000 -0.004975
vn -0.999988 0.000000 -0.004975
vn 0.004966 0.000000 -0.999988
vn 0.004966 0.000000 -0.999988
vn -0.999988 0.000000 -0.004979
vn -0.999988 0.000000 -0.004979
vn -0.999988 0.000000 -0.004979
vn -0.999988 0.000000 -0.004979
vn -0.952586 0.000000 0.304270
vn -0.952586 0.000000 0.304270
vn 0.313756 0.000000 -0.949504
vn 0.313756 0.000000 -0.949504
vn -0.811930 0.000000 0.583754
vn -0.811930 0.000000 0.583754
vn 0.591814 0.000000 -0.806075
vn 0.591814 0.000000 -0.806075
vn -0.591807 0.000000 0.806080
vn -0.591807 0.000000 0.806080
vn 0.811946 0.000000 -0.583732
vn 0.811946 0.000000 -0.583732
vn -0.313762 0.000000 0.949502
vn -0.313762 0.000000 0.949502
vn 0.952585 0.000000 -0.304272
vn 0.952585 0.000000 -0.304272
vn -0.004974 0.000000 0.999988
vn -0.004974 0.000000 0.999988
vn 0.999988 0.000000 0.004967
vn 0.999988 0.000000 0.004967
vn 0.304276 0.000000 0.952584
vn 0.304276 0.000000 0.952584
vn 0.949503 0.000000 0.313757
vn 0.949503 0.000000 0.313757
vn 0.583750 0.000000 0.811933
vn 0.583750 0.000000 0.811933
vn 0.806072 0.000000 0.591818
vn 0.806072 0.000000 0.591818
vn -0.000000 -1.000000 -0.000000
vn -0.000001 -1.000000 -0.000019
vn -0.000000 -1.000000 -0.000001
vn 0.000001 -1.000000 0.000019
vn 0.000000 -1.000000 0.000000
vn 0.000000 -1.000000 0.000000
vn 0.000000 -1.000000 0.000005
vn 0.000000 -1.000000 0.000000
vn 0.000000 -1.000000 0.000005
vn 0.000000 -1.000000 0.000000
vn 0.000000 -1.000000 0.000000
vn 0.000000 -1.000000 0.000000
vn -0.000001 -1.000000 -0.000019
vn 0.000000 -1.000000 0.000002
vn -0.000001 -1.000000 -0.000019
vn 0.000000 -1.000000 0.000002
vn 0.000000 -1.000000 0.000000
vn 0.000000 -1.000000 0.000000
vn -0.000001 -1.000000 -0.000019
vn 0.000001 -1.000000 0.000019
vn 0.000000 -1.000000 0.000000
vn -0.000001 1.000000 -0.000019
vn -0.000000 1.000000 -0.000000
vn 0.000000 1.000000 0.000004
vn 0.000001 1.000000 0.000019
vn 0.000000 1.000000 0.000002
vn 0.000000 1.000000 0.000000
vn 0.000000 1.000000 0.000002
vn 0.000000 1.000000 0.000000
vn 0.000000 1.000000 0.000000
vn 0.000000 1.000000 0.000000
vn 0.000000 1.000000 0.000000
vn 0.000001 1.000000 0.000019
vn 0.000001 1.000000 0.000019
vn 0.000001 1.000000 0.000019
vn 0.000001 1.000000 0.000019
vn -0.000000 1.000000 -0.000002
vn 0.000000 1.000000 0.000000
vn -0.000000 1.000000 -0.000002
vn -0.000001 1.000000 -0.000019
vn 0.000001 1.000000 0.000019
vn -0.000000 1.000000 -0.000000
vn 0.997144 0.000000 -0.075519
vn 0.997144 0.000000 -0.075519
vn 0.997144 0.000000 -0.075519
vn 0.997144 0.000000 -0.075519
vn -0.000000 1.000000 -0.000001
vn -0.000000 1.000000 -0.000001
vn -0.000000 1.000000 -0.000001
vn -0.000000 1.000000 -0.000001
vn -0.583743 0.000000 -0.811938
vn -0.806086 0.000000 -0.591798
vn -0.806086 0.000000 -0.591798
vn -0.583743 0.000000 -0.811938
vn -0.949504 0.000000 -0.313754
vn -0.949504 0.000000 -0.313754
vn -0.304278 0.000000 -0.952583
vn -0.304278 0.000000 -0.952583
vn -0.999988 0.000000 -0.004975
vn -0.999988 0.000000 -0.004975
vn 0.004966 0.000000 -0.999988
vn 0.004966 0.000000 -0.999988
vn -0.952586 0.000000 0.304270
vn -0.952586 0.000000 0.304270
vn 0.313755 0.000000 -0.949504
vn 0.313755 0.000000 -0.949504
vn -0.811930 0.000000 0.583754
vn -0.811930 0.000000 0.583754
vn 0.591814 0.000000 -0.806075
vn 0.591814 0.000000 -0.806075
vn -0.591807 0.000000 0.806080
vn -0.591807 0.000000 0.806080
vn 0.811946 0.000000 -0.583732
vn 0.811946 0.000000 -0.583732
vn -0.313762 0.000000 0.949502
vn -0.313762 0.000000 0.949502
vn 0.952585 0.000000 -0.304272
vn 0.952585 0.000000 -0.304272
vn -0.004974 0.000000 0.999988
vn -0.004974 0.000000 0.999988
vn 0.999988 0.000000 0.004967
vn 0.999988 0.000000 0.004967
vn 0.304276 0.000000 0.952584
vn 0.304276 0.000000 0.952584
vn 0.949503 0.000000 0.313757
vn 0.949503 0.000000 0.313757
vn 0.583751 0.000000 0.811933
vn 0.583751 0.000000 0.811933
vn 0.806072 0.000000 0.591818
vn 0.806072 0.000000 0.591818
vn 0.999988 0.000000 0.004984
vn 0.999988 0.000000 0.004984
vn 0.999988 0.000000 0.004984
vn 0.999988 0.000000 0.004984
vn -0.000000 -1.000000 -0.000001
vn -0.000000 -1.000000 -0.000001
vn -0.000000 -1.000000 -0.000001
vn -0.000000 -1.000000 -0.000001
vn -0.997144 0.000000 0.075519
vn -0.997144 0.000000 0.075519
vn -0.997144 0.000000 0.075519
vn -0.997144 0.000000 0.075519
vn 0.000000 1.000000 0.000004
vn 0.000000 1.000000 0.000004
vn 0.000000 1.000000 0.000004
vn 0.000000 1.000000 0.000004
vn 0.004982 -0.000000 -0.999988
vn 0.004982 -0.000000 -0.999988
vn 0.004982 0.000000 -0.999988
vn 0.004982 -0.000000 -0.999988
vn 0.004982 -0.000000 -0.999988
vn 0.004982 0.000000 -0.999988
vn -0.004982 -0.000000 0.999988
vn -0.004982 -0.000000 0.999988
vn -0.004982 0.000000 0.999988
vn -0.004982 -0.000000 0.999988
vn -0.004982 -0.000000 0.999988
vn -0.004982 0.000000 0.999988
vn -0.004982 0.000000 0.999988
vn -0.004982 0.000000 0.999988
vn 0.004982 -0.000000 -0.999988
vn 0.004982 -0.000000 -0.999988
vn 0.000000 1.000000 0.000002
vn -0.000000 1.000000 -0.000000
vn 0.000000 1.000000 0.000000
vn -0.000000 1.000000 -0.000005
vn -0.000000 1.000000 -0.000002
vn 0.000000 1.000000 0.000000
vn 0.000000 1.000000 0.000001
vn 0.000000 1.000000 0.000000
vn 0.000000 1.000000 0.000000
vn 0.000000 1.000000 0.000000
vn 0.000000 1.000000 0.000000
vn 0.000000 1.000000 0.000000
vn 0.000001 1.000000 0.000010
vn 0.000000 1.000000 0.000000
vn 0.000000 1.000000 0.000000
vn 0.000000 1.000000 0.000000
vn -0.000001 1.000000 -0.000010
vn 0.000000 1.000000 0.000000
vn 0.000000 1.000000 0.000005
vn 0.000000 1.000000 0.000000
vn 0.000000 1.000000 0.000005
vn 0.000000 -1.000000 0.000000
vn 0.000000 -1.000000 0.000000
vn -0.000000 -1.000000 -0.000000
vn 0.000000 -1.000000 0.000000
vn 0.000000 -1.000000 0.000000
vn 0.000000 -1.000000 0.000000
vn -0.000000 -1.000000 -0.000001
vn -0.000000 -1.000000 -0.000005
vn -0.000000 -1.000000 -0.000001
vn -0.000000 -1.000000 -0.000002
vn 0.000000 -1.000000 0.000000
vn 0.000000 -1.000000 0.000002
vn 0.000000 -1.000000 0.000000
vn 0.000000 -1.000000 0.000001
vn 0.000000 -1.000000 0.000000
vn 0.000000 -1.000000 0.000001
vn 0.000000 -1.000000 0.000000
vn 0.000000 -1.000000 0.000000
vn 0.583751 0.000000 0.811933
vn 0.806072 0.000000 0.591818
vn 0.806072 0.000000 0.591818
vn 0.583751 0.000000 0.811933
vn 0.949503 0.000000 0.313757
vn 0.949503 0.000000 0.313757
vn 0.000000 -1.000000 0.000000
vn 0.000000 -1.000000 0.000000
vn 0.304276 0.000000 0.952584
vn 0.304276 0.000000 0.952584
vn 0.000000 -1.000000 0.000000
vn 0.999988 0.000000 0.004966
vn 0.999988 0.000000 0.004966
vn -0.004974 0.000000 0.999988
vn -0.004974 0.000000 0.999988
vn 0.952585 0.000000 -0.304272
vn 0.952585 0.000000 -0.304272
vn -0.313762 0.000000 0.949502
vn -0.313762 0.000000 0.949502
vn 0.811946 0.000000 -0.583732
vn 0.811946 0.000000 -0.583732
vn -0.591807 0.000000 0.806080
vn -0.591807 0.000000 0.806080
vn 0.591814 0.000000 -0.806075
vn 0.591814 0.000000 -0.806075
vn -0.811930 0.000000 0.583754
vn -0.811930 0.000000 0.583754
vn 0.313756 0.000000 -0.949504
vn 0.313756 0.000000 -0.949504
vn -0.952586 0.000000 0.304270
vn -0.952586 0.000000 0.304270
vn 0.004966 0.000000 -0.999988
vn 0.004966 0.000000 -0.999988
vn -0.999988 0.000000 -0.004975
vn -0.999988 0.000000 -0.004975
vn -0.304278 0.000000 -0.952583
vn -0.304278 0.000000 -0.952583
vn -0.949504 0.000000 -0.313754
vn -0.949504 0.000000 -0.313754
vn -0.583743 0.000000 -0.811938
vn -0.583743 0.000000 -0.811938
vn -0.806086 0.000000 -0.591798
vn -0.806086 0.000000 -0.591798
s 1
g security_room door
usemtl aiStandardSurface14SG
f 181/335/423 182/336/424 289/468/425 290/470/426
f 182/336/424 183/337/427 288/467/428 289/468/425
f 183/337/427 184/338/429 287/466/430 288/467/428
f 184/338/429 185/339/431 286/465/432 287/466/430
f 185/339/431 186/340/433 285/464/434 286/465/432
f 186/340/433 187/341/435 284/463/436 285/464/434
f 187/341/435 188/342/437 283/462/438 284/463/436
f 188/342/437 189/343/439 302/482/440 283/462/438
f 189/343/439 190/344/441 301/481/442 302/482/440
f 190/344/441 191/345/443 300/480/444 301/481/442
f 191/345/443 192/346/445 299/479/446 300/480/444
f 192/346/445 193/347/447 298/478/448 299/479/446
f 193/347/447 194/348/449 297/477/450 298/478/448
f 194/348/449 195/349/451 296/476/452 297/477/450
f 195/349/451 196/350/453 295/475/454 296/476/452
f 196/350/453 197/351/455 294/474/456 295/475/454
f 197/351/455 198/352/457 293/473/458 294/474/456
f 198/352/457 199/353/459 292/472/460 293/473/458
f 199/353/459 200/354/461 291/471/462 292/472/460
f 200/354/461 181/355/423 290/469/426 291/471/462
s 2
f 182/316/463 181/315/464 221/397/465
f 183/317/466 182/316/463 221/397/465
f 184/318/467 183/317/466 221/397/465
f 185/319/468 184/318/467 221/397/465
f 186/320/469 185/319/468 221/397/465
f 187/321/470 186/320/469 221/397/465
f 188/322/471 187/321/470 221/397/465
f 189/323/472 188/322/471 221/397/465
f 190/324/473 189/323/472 221/397/465
f 191/325/474 190/324/473 221/397/465
f 192/326/475 191/325/474 221/397/465
f 193/327/476 192/326/475 221/397/465
f 194/328/477 193/327/476 221/397/465
f 195/329/478 194/328/477 221/397/465
f 196/330/479 195/329/478 221/397/465
f 197/331/480 196/330/479 221/397/465
f 198/332/481 197/331/480 221/397/465
f 199/333/482 198/332/481 221/397/465
f 200/334/483 199/333/482 221/397/465
f 181/315/464 200/334/483 221/397/465
s 3
f 201/395/484 202/394/485 222/398/486
f 202/394/485 203/393/487 222/398/486
f 203/393/487 204/392/488 222/398/486
f 204/392/488 205/391/489 222/398/486
f 205/391/489 206/390/490 222/398/486
f 206/390/490 207/389/491 222/398/486
f 207/389/491 208/388/492 222/398/486
f 208/388/492 209/387/493 222/398/486
f 209/387/493 210/386/494 222/398/486
f 210/386/494 211/385/495 222/398/486
f 211/385/495 212/384/496 222/398/486
f 212/384/496 213/383/497 222/398/486
f 213/383/497 214/382/498 222/398/486
f 214/382/498 215/381/499 222/398/486
f 215/381/499 216/380/500 222/398/486
f 216/380/500 217/379/501 222/398/486
f 217/379/501 218/378/502 222/398/486
f 218/378/502 219/377/503 222/398/486
f 219/377/503 220/396/504 222/398/486
f 220/396/504 201/395/484 222/398/486
s 4
f 244/420/505 243/421/506 245/422/507 246/423/508
f 247/424/509 244/420/505 246/423/508 248/425/510
f 249/426/511 247/424/509 248/425/510 250/427/512
f 251/428/513 249/426/511 250/427/512 252/429/514
f 253/430/515 251/428/513 252/429/514 254/431/516
f 255/432/517 253/430/515 254/431/516 256/433/518
f 257/434/519 255/432/517 256/433/518 258/435/520
f 259/436/521 257/434/519 258/435/520 260/437/522
f 261/438/523 259/439/521 260/440/522 262/441/524
f 263/442/525 261/438/523 262/441/524 264/443/526
f 265/444/527 263/442/525 264/443/526 266/445/528
f 267/446/529 265/444/527 266/445/528 268/447/530
f 269/448/531 267/446/529 268/447/530 270/449/532
f 271/450/533 269/448/531 270/449/532 272/451/534
f 273/452/535 271/450/533 272/451/534 274/453/536
f 275/454/537 273/452/535 274/453/536 276/455/538
f 277/456/539 275/454/537 276/455/538 278/457/540
f 279/458/541 277/456/539 278/457/540 280/459/542
f 281/460/543 279/458/541 280/459/542 282/461/544
f 243/421/506 281/460/543 282/461/544 245/422/507
s 5
f 224/400/545 223/399/546 243/421/547 244/420/548
s 3
f 209/364/493 208/363/492 246/423/549 245/422/550
s 5
f 225/401/551 224/400/545 244/420/548 247/424/552
s 3
f 208/363/492 207/362/491 248/425/553 246/423/549
s 5
f 226/402/554 225/401/551 247/424/552 249/426/555
s 3
f 207/362/491 206/361/490 250/427/556 248/425/553
s 5
f 227/403/557 226/402/554 249/426/555 251/428/558
s 3
f 206/361/490 205/360/489 252/429/559 250/427/556
s 5
f 228/404/560 227/403/557 251/428/558 253/430/561
s 3
f 205/360/489 204/359/488 254/431/562 252/429/559
s 5
f 229/405/563 228/404/560 253/430/561 255/432/564
s 3
f 204/359/488 203/358/487 256/433/565 254/431/562
s 5
f 230/406/566 229/405/563 255/432/564 257/434/567
s 3
f 203/358/487 202/357/485 258/435/568 256/433/565
s 5
f 231/408/569 230/406/566 257/434/567 259/436/570
s 3
f 202/357/485 201/356/484 260/437/571 258/435/568
s 5
f 232/409/572 231/407/569 259/439/570 261/438/573
s 3
f 201/376/484 220/375/504 262/441/574 260/440/571
s 5
f 233/410/575 232/409/572 261/438/573 263/442/576
s 3
f 220/375/504 219/374/503 264/443/577 262/441/574
s 5
f 234/411/578 233/410/575 263/442/576 265/444/579
s 3
f 219/374/503 218/373/502 266/445/580 264/443/577
s 5
f 235/412/581 234/411/578 265/444/579 267/446/582
s 3
f 218/373/502 217/372/501 268/447/583 266/445/580
s 5
f 236/413/584 235/412/581 267/446/582 269/448/585
s 3
f 217/372/501 216/371/500 270/449/586 268/447/583
s 5
f 237/414/587 236/413/584 269/448/585 271/450/588
s 3
f 216/371/500 215/370/499 272/451/589 270/449/586
s 5
f 238/415/590 237/414/587 271/450/588 273/452/591
s 3
f 215/370/499 214/369/498 274/453/592 272/451/589
s 5
f 239/416/593 238/415/590 273/452/591 275/454/594
s 3
f 214/369/498 213/368/497 276/455/595 274/453/592
s 5
f 240/417/596 239/416/593 275/454/594 277/456/597
s 3
f 213/368/497 212/367/496 278/457/598 276/455/595
s 5
f 241/418/599 240/417/596 277/456/597 279/458/600
s 3
f 212/367/496 211/366/495 280/459/601 278/457/598
s 5
f 242/419/602 241/418/599 279/458/600 281/460/603
s 3
f 211/366/495 210/365/494 282/461/604 280/459/601
s 5
f 223/399/546 242/419/602 281/460/603 243/421/547
s 3
f 210/365/494 209/364/493 245/422/550 282/461/604
s 6
f 324/504/605 323/505/606 325/506/607 326/507/608
f 327/508/609 324/504/605 326/507/608 328/509/610
f 329/510/611 327/508/609 328/509/610 330/511/612
f 331/512/613 329/510/611 330/511/612 332/513/614
f 333/514/615 331/512/613 332/513/614 334/515/616
f 335/516/617 333/514/615 334/515/616 336/517/618
f 337/518/619 335/516/617 336/517/618 338/519/620
f 339/520/621 337/521/619 338/522/620 340/523/622
f 341/524/623 339/520/621 340/523/622 342/525/624
f 343/526/625 341/524/623 342/525/624 344/527/626
f 345/528/627 343/526/625 344/527/626 346/529/628
f 347/530/629 345/528/627 346/529/628 348/531/630
f 349/532/631 347/530/629 348/531/630 350/533/632
f 351/534/633 349/532/631 350/533/632 352/535/634
f 353/536/635 351/534/633 352/535/634 354/537/636
f 355/538/637 353/536/635 354/537/636 356/539/638
f 357/540/639 355/538/637 356/539/638 358/541/640
f 359/542/641 357/540/639 358/541/640 360/543/642
f 361/544/643 359/542/641 360/543/642 362/545/644
f 323/505/606 361/544/643 362/545/644 325/506/607
s 7
f 304/484/645 303/483/646 363/546/647 364/547/648
f 305/485/649 304/484/645 364/547/648 365/548/650
f 306/486/651 305/485/649 365/548/650 366/549/652
f 307/487/653 306/486/651 366/549/652 367/550/654
f 308/488/655 307/487/653 367/550/654 368/551/656
f 309/489/657 308/488/655 368/551/656 369/552/658
f 310/491/659 309/489/657 369/552/658 370/554/660
f 311/492/661 310/490/659 370/553/660 371/555/662
f 312/493/663 311/492/661 371/555/662 372/556/664
f 313/494/665 312/493/663 372/556/664 373/557/666
f 314/495/667 313/494/665 373/557/666 374/558/668
f 315/496/669 314/495/667 374/558/668 375/559/670
f 316/497/671 315/496/669 375/559/670 376/560/672
f 317/498/673 316/497/671 376/560/672 377/561/674
f 318/499/675 317/498/673 377/561/674 378/562/676
f 319/500/677 318/499/675 378/562/676 379/563/678
f 320/501/679 319/500/677 379/563/678 380/564/680
f 321/502/681 320/501/679 380/564/680 381/565/682
f 322/503/683 321/502/681 381/565/682 382/566/684
f 303/483/646 322/503/683 382/566/684 363/546/647
s 8
f 284/463/685 283/462/686 323/505/687 324/504/688
s 9
f 303/483/689 304/484/690 326/507/691 325/506/692
s 8
f 285/464/693 284/463/685 324/504/688 327/508/694
s 9
f 304/484/690 305/485/695 328/509/696 326/507/691
s 8
f 286/465/697 285/464/693 327/508/694 329/510/698
s 9
f 305/485/695 306/486/699 330/511/700 328/509/696
s 8
f 287/466/701 286/465/697 329/510/698 331/512/702
s 9
f 306/486/699 307/487/703 332/513/704 330/511/700
s 8
f 288/467/705 287/466/701 331/512/702 333/514/706
s 9
f 307/487/703 308/488/707 334/515/708 332/513/704
s 8
f 289/468/709 288/467/705 333/514/706 335/516/710
s 9
f 308/488/707 309/489/711 336/517/712 334/515/708
s 8
f 290/470/713 289/468/709 335/516/710 337/518/714
s 9
f 309/489/711 310/491/715 338/519/716 336/517/712
s 8
f 291/471/717 290/469/713 337/521/714 339/520/718
s 9
f 310/490/715 311/492/719 340/523/720 338/522/716
s 8
f 292/472/721 291/471/717 339/520/718 341/524/722
s 9
f 311/492/719 312/493/723 342/525/724 340/523/720
s 8
f 293/473/725 292/472/721 341/524/722 343/526/726
s 9
f 312/493/723 313/494/727 344/527/728 342/525/724
s 8
f 294/474/729 293/473/725 343/526/726 345/528/730
s 9
f 313/494/727 314/495/731 346/529/732 344/527/728
s 8
f 295/475/733 294/474/729 345/528/730 347/530/734
s 9
f 314/495/731 315/496/735 348/531/736 346/529/732
s 8
f 296/476/737 295/475/733 347/530/734 349/532/738
s 9
f 315/496/735 316/497/739 350/533/740 348/531/736
s 8
f 297/477/741 296/476/737 349/532/738 351/534/742
s 9
f 316/497/739 317/498/743 352/535/744 350/533/740
s 8
f 298/478/745 297/477/741 351/534/742 353/536/746
s 9
f 317/498/743 318/499/747 354/537/748 352/535/744
s 8
f 299/479/749 298/478/745 353/536/746 355/538/750
s 9
f 318/499/747 319/500/751 356/539/752 354/537/748
s 8
f 300/480/753 299/479/749 355/538/750 357/540/754
s 9
f 319/500/751 320/501/755 358/541/756 356/539/752
s 8
f 301/481/757 300/480/753 357/540/754 359/542/758
s 9
f 320/501/755 321/502/759 360/543/760 358/541/756
s 8
f 302/482/761 301/481/757 359/542/758 361/544/762
s 9
f 321/502/759 322/503/763 362/545/764 360/543/760
s 8
f 283/462/686 302/482/761 361/544/762 323/505/687
s 9
f 322/503/763 303/483/689 325/506/692 362/545/764
s 10
f 404/588/765 403/589/766 405/590/767 406/591/768
f 407/592/769 404/588/765 406/591/768 408/593/770
f 409/594/771 407/592/769 408/593/770 410/595/772
f 411/596/773 409/594/771 410/595/772 412/597/774
f 413/598/775 411/596/773 412/597/774 414/599/776
f 415/600/777 413/598/775 414/599/776 416/601/778
f 417/602/779 415/600/777 416/601/778 418/603/780
f 419/604/781 417/605/779 418/606/780 420/607/782
f 421/608/783 419/604/781 420/607/782 422/609/784
f 423/610/785 421/608/783 422/609/784 424/611/786
f 425/612/787 423/610/785 424/611/786 426/613/788
f 427/614/789 425/612/787 426/613/788 428/615/790
f 429/616/791 427/614/789 428/615/790 430/617/792
f 431/618/793 429/616/791 430/617/792 432/619/794
f 433/620/795 431/618/793 432/619/794 434/621/796
f 435/622/797 433/620/795 434/621/796 436/623/798
f 437/624/799 435/622/797 436/623/798 438/625/800
f 439/626/801 437/624/799 438/625/800 440/627/802
f 441/628/803 439/626/801 440/627/802 442/629/804
f 403/589/766 441/628/803 442/629/804 405/590/767
s 11
f 384/568/805 383/567/806 224/400/807 225/401/808
f 385/569/809 384/568/805 225/401/808 226/402/810
f 386/570/811 385/569/809 226/402/810 227/403/812
f 387/571/813 386/570/811 227/403/812 228/404/814
f 388/572/815 387/571/813 228/404/814 229/405/816
f 389/573/817 388/572/815 229/405/816 230/406/818
f 390/575/819 389/573/817 230/406/818 231/408/820
f 391/576/821 390/574/819 231/407/820 232/409/822
f 392/577/823 391/576/821 232/409/822 233/410/824
f 393/578/825 392/577/823 233/410/824 234/411/826
f 394/579/827 393/578/825 234/411/826 235/412/828
f 395/580/829 394/579/827 235/412/828 236/413/830
f 396/581/831 395/580/829 236/413/830 237/414/832
f 397/582/833 396/581/831 237/414/832 238/415/834
f 398/583/835 397/582/833 238/415/834 239/416/836
f 399/584/837 398/583/835 239/416/836 240/417/838
f 400/585/839 399/584/837 240/417/838 241/418/840
f 401/586/841 400/585/839 241/418/840 242/419/842
f 402/587/843 401/586/841 242/419/842 223/399/844
f 383/567/806 402/587/843 223/399/844 224/400/807
s 12
f 364/547/845 363/546/846 403/589/847 404/588/848
s 13
f 383/567/849 384/568/850 406/591/851 405/590/852
s 12
f 365/548/853 364/547/845 404/588/848 407/592/854
s 13
f 384/568/850 385/569/855 408/593/856 406/591/851
s 12
f 366/549/857 365/548/853 407/592/854 409/594/858
s 13
f 385/569/855 386/570/859 410/595/860 408/593/856
s 12
f 367/550/861 366/549/857 409/594/858 411/596/862
s 13
f 386/570/859 387/571/863 412/597/864 410/595/860
s 12
f 368/551/865 367/550/861 411/596/862 413/598/866
s 13
f 387/571/863 388/572/867 414/599/868 412/597/864
s 12
f 369/552/869 368/551/865 413/598/866 415/600/870
s 13
f 388/572/867 389/573/871 416/601/872 414/599/868
s 12
f 370/554/873 369/552/869 415/600/870 417/602/874
s 13
f 389/573/871 390/575/875 418/603/876 416/601/872
s 12
f 371/555/877 370/553/873 417/605/874 419/604/878
s 13
f 390/574/875 391/576/879 420/607/880 418/606/876
s 12
f 372/556/881 371/555/877 419/604/878 421/608/882
s 13
f 391/576/879 392/577/883 422/609/884 420/607/880
s 12
f 373/557/885 372/556/881 421/608/882 423/610/886
s 13
f 392/577/883 393/578/887 424/611/888 422/609/884
s 12
f 374/558/889 373/557/885 423/610/886 425/612/890
s 13
f 393/578/887 394/579/891 426/613/892 424/611/888
s 12
f 375/559/893 374/558/889 425/612/890 427/614/894
s 13
f 394/579/891 395/580/895 428/615/896 426/613/892
s 12
f 376/560/897 375/559/893 427/614/894 429/616/898
s 13
f 395/580/895 396/581/899 430/617/900 428/615/896
s 12
f 377/561/901 376/560/897 429/616/898 431/618/902
s 13
f 396/581/899 397/582/903 432/619/904 430/617/900
s 12
f 378/562/905 377/561/901 431/618/902 433/620/906
s 13
f 397/582/903 398/583/907 434/621/908 432/619/904
s 12
f 379/563/909 378/562/905 433/620/906 435/622/910
s 13
f 398/583/907 399/584/911 436/623/912 434/621/908
s 12
f 380/564/913 379/563/909 435/622/910 437/624/914
s 13
f 399/584/911 400/585/915 438/625/916 436/623/912
s 12
f 381/565/917 380/564/913 437/624/914 439/626/918
s 13
f 400/585/915 401/586/919 440/627/920 438/625/916
s 12
f 382/566/921 381/565/917 439/626/918 441/628/922
s 13
f 401/586/919 402/587/923 442/629/924 440/627/920
s 12
f 363/546/846 382/566/921 441/628/922 403/589/847
s 13
f 402/587/923 383/567/849 405/590/852 442/629/924
s off
usemtl aiStandardSurface12SG
f 443/630/925 444/631/926 446/632/927 445/633/928
f 445/633/929 446/632/930 448/634/931 447/635/932
f 447/635/933 448/634/934 450/636/935 449/637/936
f 449/637/937 450/636/938 444/638/939 443/639/940
f 444/631/941 450/640/942 448/641/943 446/632/944
f 449/642/945 443/630/946 445/633/947 447/643/948
usemtl aiStandardSurface4SG
f 451/644/949 452/645/950 453/646/951 454/647/952
s 14
f 455/648/953 456/649/954 457/650/955
f 458/651/956 455/648/953 457/650/955
f 456/649/954 459/652/957 457/650/955
f 460/653/958 458/651/956 457/650/955
f 459/652/957 461/654/959 457/650/955
f 462/655/960 460/653/958 457/650/955
f 461/654/959 463/656/961 457/650/955
f 464/657/962 462/655/960 457/650/955
f 463/656/961 465/658/963 457/650/955
f 466/659/964 464/657/962 457/650/955
f 465/658/963 467/660/965 457/650/955
f 468/661/966 466/659/964 457/650/955
f 467/660/965 469/662/967 457/650/955
f 470/663/968 468/661/966 457/650/955
f 469/662/967 471/664/969 457/650/955
f 472/665/970 470/663/968 457/650/955
f 471/664/969 473/666/971 457/650/955
f 474/667/972 472/665/970 457/650/955
f 473/666/971 475/668/973 457/650/955
f 475/668/973 474/667/972 457/650/955
s 15
f 476/669/974 477/670/975 478/671/976
f 477/670/975 479/672/977 478/671/976
f 480/673/978 476/669/974 478/671/976
f 479/672/977 481/674/979 478/671/976
f 482/675/980 480/673/978 478/671/976
f 481/674/979 483/676/981 478/671/976
f 484/677/982 482/675/980 478/671/976
f 483/676/981 485/678/983 478/671/976
f 486/679/984 484/677/982 478/671/976
f 485/678/983 487/680/985 478/671/976
f 488/681/986 486/679/984 478/671/976
f 487/680/985 489/682/987 478/671/976
f 490/683/988 488/681/986 478/671/976
f 489/682/987 491/684/989 478/671/976
f 492/685/990 490/683/988 478/671/976
f 491/684/989 493/686/991 478/671/976
f 494/687/992 492/685/990 478/671/976
f 493/686/991 495/688/993 478/671/976
f 496/689/994 494/687/992 478/671/976
f 495/688/993 496/689/994 478/671/976
s 16
f 456/690/995 455/691/996 477/692/997 476/693/998
f 455/691/996 458/694/999 479/695/1000 477/692/997
f 459/696/1001 456/690/995 476/693/998 480/697/1002
f 458/694/999 460/698/1003 481/699/1004 479/695/1000
f 461/700/1005 459/696/1001 480/697/1002 482/701/1006
s off
f 451/702/1007 454/703/1008 497/704/1009 498/705/1010
s 16
f 460/698/1003 462/706/1011 483/707/1012 481/699/1004
f 463/708/1013 461/700/1005 482/701/1006 484/709/1014
f 462/706/1011 464/710/1015 485/711/1016 483/707/1012
f 465/712/1017 463/708/1013 484/709/1014 486/713/1018
f 464/710/1015 466/714/1019 487/715/1020 485/711/1016
f 467/716/1021 465/712/1017 486/713/1018 488/717/1022
f 466/714/1019 468/718/1023 489/719/1024 487/715/1020
f 469/720/1025 467/716/1021 488/717/1022 490/721/1026
f 468/718/1023 470/722/1027 491/723/1028 489/719/1024
f 471/724/1029 469/725/1025 490/726/1026 492/727/1030
f 470/722/1027 472/728/1031 493/729/1032 491/723/1028
f 473/730/1033 471/724/1029 492/727/1030 494/731/1034
f 472/728/1031 474/732/1035 495/733/1036 493/729/1032
f 475/734/1037 473/730/1033 494/731/1034 496/735/1038
f 474/732/1035 475/734/1037 496/735/1038 495/733/1036
s 17
f 499/736/1039 500/737/1040 501/738/1041
f 502/739/1042 499/736/1039 501/738/1041
f 500/737/1040 503/740/1043 501/738/1041
f 504/741/1044 502/739/1042 501/738/1041
f 503/740/1043 505/742/1045 501/738/1041
f 506/743/1046 504/741/1044 501/738/1041
f 505/742/1045 507/744/1047 501/738/1041
f 508/745/1048 506/743/1046 501/738/1041
f 507/744/1047 509/746/1049 501/738/1041
f 510/747/1050 508/745/1048 501/738/1041
f 509/746/1049 511/748/1051 501/738/1041
f 512/749/1052 510/747/1050 501/738/1041
f 511/748/1051 513/750/1053 501/738/1041
f 514/751/1054 512/749/1052 501/738/1041
f 513/750/1053 515/752/1055 501/738/1041
f 516/753/1056 514/751/1054 501/738/1041
f 515/752/1055 517/754/1057 501/738/1041
f 518/755/1058 516/753/1056 501/738/1041
f 517/754/1057 519/756/1059 501/738/1041
f 519/756/1059 518/755/1058 501/738/1041
s 18
f 520/757/1060 521/758/1061 522/759/1062
f 521/758/1061 523/760/1063 522/759/1062
f 524/761/1064 520/757/1060 522/759/1062
f 523/760/1063 525/762/1065 522/759/1062
f 526/763/1066 524/761/1064 522/759/1062
f 525/762/1065 527/764/1067 522/759/1062
f 528/765/1068 526/763/1066 522/759/1062
f 527/764/1067 529/766/1069 522/759/1062
f 530/767/1070 528/765/1068 522/759/1062
f 529/766/1069 531/768/1071 522/759/1062
f 532/769/1072 530/767/1070 522/759/1062
f 531/768/1071 533/770/1073 522/759/1062
f 534/771/1074 532/769/1072 522/759/1062
f 533/770/1073 535/772/1075 522/759/1062
f 536/773/1076 534/771/1074 522/759/1062
f 535/772/1075 537/774/1077 522/759/1062
f 538/775/1078 536/773/1076 522/759/1062
f 537/774/1077 539/776/1079 522/759/1062
f 540/777/1080 538/775/1078 522/759/1062
f 539/776/1079 540/777/1080 522/759/1062
s off
f 541/778/1081 542/779/1082 543/780/1083 544/781/1084
f 545/782/1085 541/783/1086 544/784/1087 546/785/1088
s 19
f 500/786/1089 499/787/1090 521/788/1091 520/789/1092
f 499/787/1090 502/790/1093 523/791/1094 521/788/1091
f 503/792/1095 500/786/1089 520/789/1092 524/793/1096
f 502/790/1093 504/794/1097 525/795/1098 523/791/1094
f 505/796/1099 503/792/1095 524/793/1096 526/797/1100
f 504/794/1097 506/798/1101 527/799/1102 525/795/1098
f 507/800/1103 505/796/1099 526/797/1100 528/801/1104
f 506/798/1101 508/802/1105 529/803/1106 527/799/1102
f 509/804/1107 507/800/1103 528/801/1104 530/805/1108
f 508/802/1105 510/806/1109 531/807/1110 529/803/1106
f 511/808/1111 509/804/1107 530/805/1108 532/809/1112
f 510/806/1109 512/810/1113 533/811/1114 531/807/1110
f 513/812/1115 511/808/1111 532/809/1112 534/813/1116
f 512/810/1113 514/814/1117 535/815/1118 533/811/1114
f 515/816/1119 513/817/1115 534/818/1116 536/819/1120
f 514/814/1117 516/820/1121 537/821/1122 535/815/1118
f 517/822/1123 515/816/1119 536/819/1120 538/823/1124
f 516/820/1121 518/824/1125 539/825/1126 537/821/1122
f 519/826/1127 517/822/1123 538/823/1124 540/827/1128
f 518/824/1125 519/826/1127 540/827/1128 539/825/1126
s off
f 453/828/1129 452/829/1130 547/830/1131 548/831/1132
f 549/832/1133 543/833/1134 542/834/1135 550/835/1136
f 546/836/1137 549/837/1138 550/838/1139 545/839/1140
f 497/704/1141 548/831/1142 547/840/1143 498/841/1144
s 20
f 498/841/1145 541/842/1146 545/843/1147 550/844/1148 452/645/1149 451/644/1150
s 21
f 549/845/1151 546/846/1152 544/847/1153 454/703/1154 453/828/1155 548/831/1156
f 454/703/1154 544/847/1153 543/848/1157 549/845/1151 548/831/1156 497/704/1158
s 20
f 550/844/1148 542/849/1159 541/842/1146 498/841/1145 547/840/1160 452/645/1149
s 22
f 551/850/1161 552/851/1162 553/852/1163
f 552/851/1162 554/853/1164 553/852/1163
f 555/854/1165 551/850/1161 553/852/1163
f 554/853/1164 556/855/1166 553/852/1163
f 557/856/1167 555/854/1165 553/852/1163
f 556/855/1166 558/857/1168 553/852/1163
f 559/858/1169 557/856/1167 553/852/1163
f 558/857/1168 560/859/1170 553/852/1163
f 561/860/1171 559/858/1169 553/852/1163
f 560/859/1170 562/861/1172 553/852/1163
f 563/862/1173 561/860/1171 553/852/1163
f 562/861/1172 564/863/1174 553/852/1163
f 565/864/1175 563/862/1173 553/852/1163
f 564/863/1174 566/865/1176 553/852/1163
f 567/866/1177 565/864/1175 553/852/1163
f 566/865/1176 568/867/1178 553/852/1163
f 569/868/1179 567/866/1177 553/852/1163
f 568/867/1178 570/869/1180 553/852/1163
f 571/870/1181 569/868/1179 553/852/1163
f 570/869/1180 571/870/1181 553/852/1163
s 23
f 572/871/1182 573/872/1183 574/873/1184
f 575/874/1185 572/871/1182 574/873/1184
f 573/872/1183 576/875/1186 574/873/1184
f 577/876/1187 575/874/1185 574/873/1184
f 576/875/1186 578/877/1188 574/873/1184
f 579/878/1189 577/876/1187 574/873/1184
f 578/877/1188 580/879/1190 574/873/1184
f 581/880/1191 579/878/1189 574/873/1184
f 580/879/1190 582/881/1192 574/873/1184
f 583/882/1193 581/880/1191 574/873/1184
f 582/881/1192 584/883/1194 574/873/1184
f 585/884/1195 583/882/1193 574/873/1184
f 584/883/1194 586/885/1196 574/873/1184
f 587/886/1197 585/884/1195 574/873/1184
f 586/885/1196 588/887/1198 574/873/1184
f 589/888/1199 587/886/1197 574/873/1184
s 24
f 573/889/1200 572/890/1201 552/891/1202 551/892/1203
f 572/890/1201 575/893/1204 554/894/1205 552/891/1202
s 23
f 588/887/1198 590/895/1206 574/873/1184
f 591/896/1207 589/888/1199 574/873/1184
s 24
f 576/897/1208 573/889/1200 551/892/1203 555/898/1209
s 23
f 590/895/1206 592/899/1210 574/873/1184
f 592/899/1210 591/896/1207 574/873/1184
s 24
f 575/893/1204 577/900/1211 556/901/1212 554/894/1205
f 578/902/1213 576/897/1208 555/898/1209 557/903/1214
f 577/900/1211 579/904/1215 558/905/1216 556/901/1212
f 580/906/1217 578/902/1213 557/903/1214 559/907/1218
f 579/908/1215 581/909/1219 560/910/1220 558/911/1216
f 582/912/1221 580/906/1217 559/907/1218 561/913/1222
f 581/909/1219 583/914/1223 562/915/1224 560/910/1220
f 584/916/1225 582/912/1221 561/913/1222 563/917/1226
f 583/914/1223 585/918/1227 564/919/1228 562/915/1224
f 586/920/1229 584/916/1225 563/917/1226 565/921/1230
f 585/918/1227 587/922/1231 566/923/1232 564/919/1228
f 588/924/1233 586/920/1229 565/921/1230 567/925/1234
f 587/922/1231 589/926/1235 568/927/1236 566/923/1232
f 590/928/1237 588/924/1233 567/925/1234 569/929/1238
f 589/926/1235 591/930/1239 570/931/1240 568/927/1236
f 592/932/1241 590/928/1237 569/929/1238 571/933/1242
f 591/930/1239 592/932/1241 571/933/1242 570/931/1240
